Brand_Reg,Model_No
Kogan,KGNFHD32HVAA
Kogan,KGN1080PPRO22VAA
Kogan,KGN1080PPRO22VBA
Kogan,KGN1080PPRO22VCA
Kogan,KGN1080PPRO22VDA
Kogan,KGN1080P47VAA
Kogan,KGN1080P47VBA
Kogan,KGN1080P42VAA
Kogan,KGN1080P42VBA
Kogan,KGN1080P42VCA
Kogan,KGN1080P42VDA
OiTV,47LC120
CONIA,CL3201HDR
RANKARENA,LC-16G78
RANKARENA,LC-22G62
SENZU,3200SL-A101
OHKI,42LED/120HZ SLEEK
VOXSON,VLCD32CP
VOXSON,VLCD55CP
CONIA,CL4001FHDR
Kogan,KGNPRO16VAA
Kogan,KGNPRO16VBA
Kogan,KGNPRO16VCA
Kogan,KGNPRO16VDA
CONIA,CE2201FHDR
CONIA,CL4201FHDR
BAUHN,MD21067 AUS-A
RANKARENA,LC-22G62U
VOXSON,VLCD32XTD
VOXSON,VLCD26XTD
VOXSON,VLCD185XTD
VOXSON,VLCD32CTX
Kogan,KGNFHDLED26VAA
Kogan,KGNFHDLED26VBA
Kogan,KGNFHDLED26VCA
Kogan,KGNFHDLED26VDA
OiTV,55LC120
OiTV,37LC120
CONIA,CE1901HDR
CONIA,CL3201HDVDR
Kogan,KGNFHD42HVAA
kinezo,KNZ22FHDLEDDVD
kinezo,KNZ19HDLEDDVD
CONIA,CE2401FHDVDR
CONIA,CE2201FHDVDR
CONIA,CE2201HDVDR
kinezo,KNZ22FHDLED
kinezo,KNZ19HDLED
Kogan,KGNPRO26VAA
Kogan,KGNPRO26VBA
Kogan,KGNPRO26VCA
Kogan,KGNPRO26VDA
Kogan,KGNPRO19VAA
Kogan,KGNPRO19VBA
Kogan,KGNPRO19VCA
Kogan,KGNPRO19VDA
Kogan,KGN1080PBD32VAA
Kogan,KGN1080PBD32VBA
Kogan,KGN1080PBD32VCA
Kogan,KGN1080PBD32VDA
Kogan,KGN1080P46VAA
Kogan,KGN1080P46VBA
Kogan,KGN1080P46VCA
Kogan,KGN1080P46VDA
Kogan,KGN1080P40VAA
Kogan,KGN1080P40VBA
Kogan,KGN1080P40VCA
Kogan,KGN1080P40VDA
Kogan,KGN1080P32VAA
Kogan,KGN1080P32VBA
Kogan,KGN1080P32VCA
Kogan,KGN1080P32VDA
Ekin,EK-LCF32A
Ekin,EK-LEH22A
CHANGHONG,LED1907B
CHANGHONG,LED1907BA
CHANGHONG,LED1907BC
CHANGHONG,LED1907BD
TEAC,LE2478FHD
TEAC,LE1978HD
SONIQ,E32Z10B-AU
VOXSON,VPDP50-3D
AWA,MSDV1911-O3-D0P
VOXSON,VLED55
Kogan,KGN1080PPRO32VAA
Kogan,KGN1080PPRO32VBA
Kogan,KGN1080PPRO32VCA
Kogan,KGN1080PPRO32VDA
VOXSON,VLCD40CP
Kogan,KGNFHDLED22VBA
Kogan,KGNFHDLED22VCA
Kogan,KGNFHDLED22VDA
Kogan,KGNFHDLED24VBA
Kogan,KGNFHDLED24VCA
Kogan,KGNFHDLED24VDA
VOXSON,VLCD32CT
VOXSON,VLED24D
VOXSON,VLCD32XTP
VOXSON,VLCD32XT
VOXSON,VLCD32XPD
VOXSON,VLCD22XPD
VOXSON,VLED22
VOXSON,VLED19
TCL,L32D20ES
TCL,L32D20EB
TCL,L55P11FZE
TCL,L19A11E
GVA,G22FHDLCD1
VIVO,LTV40FHD
VIVO,LTV32HD
TOSHIBA,55XL700A
RANK ARENA,SV-32H1FHD1
TCL,L40P11FZE
TCL,L19P11E
BAUHN,AS-47FHD1
Palsonic,TFTV3842DTR
Palsonic,PDP4212HD
Palsonic,TFTV321HL
NEONIQ,LCD32H3
Sony,KDL-40NX710
Sony,KDL-46HX750
Sony,KDL-40HX750
Sony,KDL-26EX550
Sony,KDL-40BX450
Sony,KDL-32BX350
Palsonic,TFTV4000FHD
SANYO,LCD-22XR9DA(B)
SAMSUNG ELECTRONICS,PS43D450A2M
GVA,G22FHDLCDD1
Sony,KDL-46EX520
HITACHI,L50EC05AU
GVA,GVA26FLEDC
SANYO,LCD-19XR9DA(C)
GVA,GVALC22A62
GVA,GVA22A62
BAUHN,AT-24FHDC1
NEONIQ,TCM4201FHD
Panasonic,TH-L32D20A
KOGAN,KGNFHDLED55VAA
TOSHIBA,42SL800A
TOSHIBA,42SL800AZ
LOEWE,Loewe INDIVIDUAL 40 COMPOSE LED 400 DR + 69408B48
LOEWE,Loewe INDIVIDUAL 40 COMPOSE LED 400 DR + 69408L48
LOEWE,Loewe INDIVIDUAL 40 COMPOSE LED 400 DR + 69408U48
GVA,GVA32S16
AWA,MSDV3211-O3
Tecovision,LED24FNLD
Tecovision,LED24FNLDM1
AOC,T2442e
AOC,240LM00007
AWA,LC-16G78P
Telefunken,TL19H1
Palsonic,TFTV602LED
OKANO,LTV3201C
SENZU,4200SL-D111
GVA,G50HDPL1
NEONIQ,LCH3292D
NEONIQ,TCM42FHD
NEONIQ,LCD26H3
BAUHN,AS-32FZ1
LOEWE,Connect ID 32 DR+ 51462_44
LOEWE,ART 46 3D DR+ 51414_47
AKAI,AK22FLEDC
AKAI,AK24FLED
Panasonic,TH-L42ET60A
GVA,GVA22FLEDC
Palsonic,TFTV8155DT
Palsonic,TFTV325FL
BAUHN,AS-47FHZ1
GVA,GVA19A58
TOSHIBA,22SL700A
Palsonic,TFTV826HD
Sony,KDL-26EX420
VIVO,PTV50HDA
SAMSUNG ELECTRONICS,T27A950
Palsonic,TFTV5545LEDR
Sony,KDL-46HX820
TOSHIBA,47VL800A
TOSHIBA,47VL800AZ
TCL,L42E5300F
Palsonic,TFTV664R
TOSHIBA,32HL800A
TOSHIBA,32HL800AZ
GVA,GVA32FHDC
TCL,L22A11E
TOSHIBA,32SL700A
sunview,SK26AHD
SAMSUNG ELECTRONICS,UA46D5500RM
VIVO,LTV19HD
TOSHIBA,26SL700A
TOSHIBA,42HL800A
TOSHIBA,42HL800AZ
GVA,GVA19A58C
Sony,KDL-55EX720
Sony,KDL-32EX520
TCL,L19E77HD
NEONIQ,ELTL22EXFHDD 
Sony,KDL-40NX720
BUSH,IDLED3201
Sony,KDL-32CX520
SAMSUNG ELECTRONICS,PS51D491A4M
SONIQ,E22Z11A-AU
Bang & Olufsen,BeoVision 10-32
SENZU,3200SL-A105
GVA,GVA32E61
VIVO,LEDTV42FHD
TCL,L46E5200F
Palsonic,TFTV382HDR
OKANO,LTV3203F
Palsonic,PDP5012HD
Palsonic,TFTV320HL
Sony,KDL-46NX720
SONIQ,E23Z11B-AU
SAMSUNG ELECTRONICS,UA40D6400UN
SAMSUNG ELECTRONICS,UA46D6000SN
VIVID,AT-32HDC1
SONIQ,L42D11A-AU
GVA,GVA32FLED
GVA,GVA22FLED
VIVID,AT-40FHD1
Bang & Olufsen,BeoVision 7 - 55
HITACHI,LE42EC04AUD
GVA,GVA22FLEDCA
Medion,MD30614 AUS-A
WINTAL,19LED12HD
VIVO,LTV32DFHD
VIVO,LTV15DHD
VIVO,LEDTV46FHD
VIVO,LEDTV15HD
VIVO,LTV42FHD
Viano,LTV32HD
VIVO,LEDTV32DHD
NUOVO,NUO19DHD
VIVO,LTV55FHD
NUOVO,NUO43HDPTV
VIVO,LEDTV42FHD
VIVO,LTV26HD
VIVO,LTV24DFHD
VIVO,LEDTV22FHD
VIVO,LTV26FHD
VIVO,LTV32DHD
VIVO,LTV19DHD
VIVO,LTV37HD
VIVO,PTV43HD
vivid,TVLED15
VIVO,LTV22DFHD
TCL,L46E5390FE
Blaupunkt,BP2914HD
SANYO,LCD-50XR12F
SANYO,LCD-32XR12F
SANYO,LCD-24XR12F
SANYO,LCD-39XZ12F
SANYO,LCD-22XR11F
SANYO,LCD-46XR11F(B)
SAMSUNG ELECTRONICS,LA60C650L1F
SAMSUNG ELECTRONICS,LA52C530F1F
SAMSUNG ELECTRONICS,UA60C6900VF
Panasonic,TH-L32C30A
Panasonic,TH-P42GT20A
Sony,KDL-65HX925
Sony,KDL-32BX320
Panasonic,TH-P65S20A
SONIQ,L42V12A-AU
SONIQ,E23Z12A-AU
SONIQ,E48S12A-AU
SONIQ,E32S12A-AU
SUMO,SV-D01-460
Sony,KDL-22BX320
Panasonic,TH-L42E30A
Panasonic,TH-42PF30W
Panasonic,TH-L32E30A
Panasonic,TH-P65VT30A
Panasonic,TH-65PF50W
Panasonic,TH-L39EM5A
Panasonic,TH-L32E5AW
Panasonic,TH-L32DT30A
Panasonic,TH-L47ET5A
AWA,MSDV2645-O3
Panasonic,TH-P65ST30A
Panasonic,TH-85PF12W
Panasonic,TH-P58S20A
Panasonic,TH-L22X25A
Panasonic,TH-P65VT20A
Sony,KDL-40EX720
Sony,KDL-40CX520
Sony,KDL-60NX810
Sony,KDL-40EX520
Sony,KDL-46NX710
DAIJITSU,LCD42HWA
DAIJITSU,LCD42HWB
Sony,KDL-55HX925
Sony,KDL-46EX720
Sony,KDL-55HX750
Sony,KDL-46HX850
Sony,KDL-32EX550
Sony,KDL-32EX720
VIALI,V32FLEDCP
GVA,GVA26LEDCP
SAMSUNG ELECTRONICS,UA55C6900VF
SAMSUNG ELECTRONICS,UA46D8000YV
SAMSUNG ELECTRONICS,UA40D6000SN
SAMSUNG ELECTRONICS,UA40D6600WN
SAMSUNG ELECTRONICS,UA46D6003SM
SAMSUNG ELECTRONICS,PS51D451A3M
SAMSUNG ELECTRONICS,UA60D8000YV
SAMSUNG ELECTRONICS,UA60D6600VM
SAMSUNG ELECTRONICS,UA55D8000YV
SAMSUNG ELECTRONICS,UA32D4000NM
SAMSUNG ELECTRONICS,PS50C490B3D
SAMSUNG ELECTRONICS,PS51D490A1M
SAMSUNG ELECTRONICS,UA40D5030PM
SAMSUNG ELECTRONICS,LA26D450G1M
SAMSUNG ELECTRONICS,PS43D491A4M
SAMSUNG ELECTRONICS,UA65C8000XF
SAMSUNG ELECTRONICS,PS43D451A3M
SAMSUNG ELECTRONICS,PS51D8000FN
GRUNDIG,GLED1907HDB
SAMSUNG ELECTRONICS,PS59D8000FN
SAMSUNG ELECTRONICS,PS59D550C1N
SAMSUNG ELECTRONICS,HG40AA690NW
SAMSUNG ELECTRONICS,UA46ES6900M
SAMSUNG ELECTRONICS,UA32EH6030M
SAMSUNG ELECTRONICS,T27B550AA
SAMSUNG ELECTRONICS,HG55AA790MW
SAMSUNG ELECTRONICS,HG46AA690NW
SAMSUNG ELECTRONICS,UA55ES6600M
SAMSUNG ELECTRONICS,UA46ES6800M
SAMSUNG ELECTRONICS,PS64E550D1M
SAMSUNG ELECTRONICS,PS64E8000GM
SAMSUNG ELECTRONICS,UA46EH5306M
SAMSUNG ELECTRONICS,UA46ES6200M
SAMSUNG ELECTRONICS,UA46EH5006M
SAMSUNG ELECTRONICS,UA32EH4000M 
SAMSUNG ELECTRONICS,PS64D550C1N
SAMSUNG ELECTRONICS,PS64D8000FN
GVA,G22FHDLED2
GRUNDIG,GLED2407HDCW
GRUNDIG,GLED2407HDC
GRUNDIG,GLED2407HDB
GVA,GVA32FLEDCP
BUSH,IDLED2202DVD
BUSH,IDLED2201
TEAC,LEDV24U83FHD
AWA,LE-24G90
NEONIQ,ELH185A0WF3DF
AKAI,AK39LCD
TOSHIBA,46XV700A
BUSH,IDLED2402DVD
BUSH,IDLED2401
AWA,LE-32G90G
tecovision,LED42FNE1
tecovision,ELE-42011
tecovision,ELK-42099
SONIQ,E46Z10A
BUSH,IDLED1901
Panasonic,TH-42PF50W
AWA,MSDV2611-O3
TEAC,LCD3265HD
AWA,MHDV3211-O3
tecovision,LED32HNE1
tecovision,ELE-32011
tecovision,ELK-32099
Sony,KDL-55EX630
TEAC,LE4618FHD
GRUNDIG,GLED2207HDC
GRUNDIG,GLED2207HDB
SONIQ,E16Z11A-AU
tecovision,LED24FNE1
tecovision,ELE-23611
tecovision,ELK-23699
SONIQ,E26Z11A-AU
SONIQ,QSL322TV11
SENZU,3201SL-C101
SONIQ,QSL322TV13-AU
SONIQ,L32V11A-AU
OKANO,LTV3202
SONIQ,E19Z11A-AU
SONIQ,E42Z10B-AU
SENZU,5000SP-X101
tecovision,LED22FNE1
tecovision,ELE-21511
tecovision,ELK-21599
tecovision,LED19HNE1
tecovision,ELE-18511
tecovision,ELK-18599
AWA,MHDV4601-O3
Dick Smith,GE6802
Dick Smith,ge6807
GRUNDIG,G24FLED
TOSHIBA,55WL700A
AWA,MHDV3245-O3
BUSH,IDLCD3204HDB
AWA,MSDV1911-O3-D0
TOSHIBA,32DV700A
sunview,SA22AFEHDP
AWA,MHDV2211-O3-D0
GRUNDIG,G26LCDV
BOIGLE,PDP4221
BUSH,IDLED2601
BUSH,IDLCD1904HDB
GRUNDIG,G32LCDV
GRUNDIG,G32LCD
TOSHIBA,46WL700A
VISION,VS22LEDDVDP2
TOSHIBA,26EL800A
TOSHIBA,26EL800AZ
TOSHIBA,55WL800A
TOSHIBA,55WL800AZ
TOSHIBA,46SL800A
TOSHIBA,46SL800AZ
TOSHIBA,32SL800A
TOSHIBA,32SL800AZ
TOSHIBA,40LV800A
TOSHIBA,40LV800AZ
GVA,G19HDLED1
NUOVO,NUO39FHDTV
AKAI,AK22FLEDC
Palsonic,TFTV326FHD
Palsonic,TFTV475LED
GVA,G32FHDLCD1
GVA,G19HDLCDD1
Telefunken,TP32C8
NEONIQ,ELYS4215
Philips,22PFL3409
NEONIQ,LCF3292
NEONIQ,LED2401
Teco,TA22NAPR
Teco,TA26NBLR
Teco,TA26NBLRM
TCL,L42E9ADF
ENGLAON,LED22M10
ENGLAON,LED22M20
ENGLAON,LED22M30
ENGLAON,LED22M50
ENGLAON,LED22M60
ENGLAON,LED22X10
ENGLAON,LED22X20
ENGLAON,LED22X30
ENGLAON,LED22X50
ENGLAON,LED22X60
ENGLAON,LED19M10
ENGLAON,LED19M20
ENGLAON,LED19M30
ENGLAON,LED19M50
ENGLAON,LED19M60
ENGLAON,LED19X10
ENGLAON,LED19X20
ENGLAON,LED19X30
ENGLAON,LED19X50
ENGLAON,LED19X60
TCL,L42V6300F3DE-2
TCL,L46V7300F3DE
TCL,L39E5000F3DE
TEAC,DLE3290HD
TCL,L40M11FHD
NUTEC,NUE2163
TCL,L32M11HD
TCL,L32P11FZE
TCL,L19A10HD
Telefunken,TEL50HDPL1
NEONIQ,LCD3888HD
SONIQ,L42V11A-AU
NEONIQ,TL185F2
PRIMA,LED3212FHDDVD
SONIQ,L32V11C-AU
NEONIQ,TL1601
PRIMA,LED3211DVD
TEAC,LE4210FHD3D
TEAC,LE40UBFHD
TEAC,LEDV26U83HDR
TOSHIBA,40RL900A*
TEAC,LCDV2656HDR
PHILIPS,40HFL5573D/10
PHILIPS,32HFL5573D/10
TEAC,LCD4282FHDR
TEAC,LE23A85FHD
TOSHIBA,23HL900A*
TCL,L24D3270
TCL,L50E5000F3DE
TCL,L55V6300Z3DE-2
TCL,L19D3260
PALSONIC,TFTV5560M / TFTV5560MW
SENZU,4600SE-X101
LOEWE,Loewe Modus 32 FULL HD+ 100 69403A75
LOEWE,Loewe Modus 32 FULL HD+ 100 69403D75
LOEWE,Loewe INDIVIDUAL 40 SELECTION LED 200 DR + 69418B47
LOEWE,Loewe INDIVIDUAL 40 SELECTION LED 200 DR + 69418L47
LOEWE,Loewe INDIVIDUAL 40 SELECTION LED 200 DR + 69418U47
LOEWE,Loewe INDIVIDUAL 55 COMPOSE LED 400 DR+ 69410B48
LOEWE,Loewe INDIVIDUAL 55 COMPOSE LED 400 DR+ 69410L48
LOEWE,Loewe INDIVIDUAL 55 COMPOSE LED 400 DR+ 69410U48
LOEWE,Loewe INDIVIDUAL 46 SELECTION LED 200 69419B80
LOEWE,Loewe INDIVIDUAL 46 SELECTION LED 200 69419L80
LOEWE,Loewe INDIVIDUAL 46 SELECTION LED 200 69419U80
LOEWE,Loewe INDIVIDUAL 46 COMPOSE LED 400 DR + 69409B48
LOEWE,Loewe INDIVIDUAL 46 COMPOSE LED 400 DR + 69409L48
LOEWE,Loewe INDIVIDUAL 46 COMPOSE LED 400 DR + 69409U48
LOEWE,INDIVIDUAL 40 SELECTION FHD 100 DR+ 67442B39
LOEWE,INDIVIDUAL 40 SELECTION FHD 100 DR+ 67442U39
LOEWE,INDIVIDUAL 40 SELECTION FHD 100 DR+ 67442N39
LOEWE,Loewe ART 37 SL FHD+ 100 DR+  68423T39
LOEWE,Loewe ART 37 SL FHD+ 100 DR+ 68423U39
LOEWE,Loewe ART 37 SL FHD+ 100 DR+ 68423W39
SAMSUNG ELECTRONICS, HG26AA470PW
BAUHN,MD21067 AUS-A
LOEWE,Loewe  Connect Media 32 FHD100 68417T76
LOEWE,Loewe  Connect Media 32 FHD100 68417U76
LOEWE,Loewe  Connect Media 32 FHD100 68417W76
SANYO,LED-19XZ11
LOEWE,ART 40 3D 51413_80
LOEWE,Individual 32 Media 3D DR+ 51425B47
LOEWE,Individual 32 Media 3D DR+ 51425L47
LOEWE,Individual 32 Media 3D DR+ 51425U47
LOEWE,Connect 40 MEDIA 3D DR+ 50409T42
LOEWE,Connect 40 MEDIA 3D DR+ 50409U42
LOEWE,Connect 40 MEDIA 3D DR+ 50409W42
LOEWE,Connect 32 3D DR+ 51408T42
LOEWE,Connect 32 3D DR+ 51408U42
LOEWE,Connect 32 3D DR+ 51408W2
LOEWE,CONNECT 40 LED 200 50404T82
LOEWE,CONNECT 40 LED 200 50404U82
LOEWE,CONNECT 40 LED 200 50404W82
LOEWE,Individual 46 Compose 3D DR+ 50431B48
LOEWE,Individual 46 Compose 3D DR+ 50431L48
LOEWE,Individual 46 Compose 3D DR+ 50431U48
LOEWE,Individual 40 Compose 3D DR+ 50430B48
LOEWE,Individual 40 Compose 3D DR+ 50430U48
LOEWE,Individual 40 Compose 3D DR+ 50430L48
LOEWE,Loewe  Individual Compose 40  LED 400 DR+ 69408U44
LOEWE,Loewe  Individual Compose 40  LED 400 DR+ 69408B44
LOEWE,Loewe  Individual Compose 40 LED 400 DR+ 69408L44
LOEWE,Loewe Individual Compose 46  LED 400 DR+ 69409B44
LOEWE,Loewe Individual Compose 46  LED 400 DR+ 69409L44
LOEWE,Loewe Individual Compose 46  LED 400 DR+ 69409U44
LOEWE,Loewe  Xelos 42 SL 69416T80
LOEWE,Loewe  Xelos 42 SL 69416W80
LOEWE,ART 40 LED 200 2CL+ DR+ 50414T47
LOEWE,ART 40 LED 200 2CL+ DR+ 50414U47
LOEWE,ART 40 LED 200 2CL+ DR+ 50414W47
LOEWE,ART 40 LED 200 CL+ 50414T80
LOEWE,ART 40 LED 200 CL+ 50414U80
LOEWE,ART 40 LED 200 CL+ 50414W80
LOEWE,ART 32 LED 100 2CL+ DR+ 50412T47
LOEWE,ART 32 LED 100 2CL+ DR+ 50412U47
LOEWE,ART 32 LED 100 2CL+ DR+ 50412W47
LOEWE,CONNECT MEDIA 40 LED 200 2CL+ DR+ 50404T42
LOEWE,CONNECT MEDIA 40 LED 200 2CL+ DR+ 50404U42
LOEWE,CONNECT MEDIA 40 LED 200 2CLl+ DR+ 50404W42
SANYO,LCD-46XR11F
SANYO,LCD-32XR11
TCL,L32P60U
TCL,L40M11FPVR
Tecovision,LCD32HNLA
Tecovision,LCD32HNLA1
SAMSUNG ELECTRONICS,LT27A550
SAMSUNG ELECTRONICS,HE46A
SAMSUNG ELECTRONICS,HE40A
Sphere,185HDLED
Sphere,236FHDLED
SAMSUNG ELECTRONICS,UA32D4003BM
GRUNDIG,G32LCDV
GRUNDIG,G32LCD
SANYO,LED-32XR11F
SANYO,LCD-40XR11F
SANYO,LCD-32XR11F
SANYO,LCD-26XR11
TEAC,LCD2681FHD
TOSHIBA,46HL900A*
TOSHIBA,32RL900A*
VIVO,LEDTV24FHDF
SAMSUNG ELECTRONICS, HG32AA690NW
SAMSUNG ELECTRONICS,UA55ES6800M
SAMSUNG ELECTRONICS,UA60ES6500M
SAMSUNG ELECTRONICS, T27B750AA
SAMSUNG ELECTRONICS,UA55D6003SM
SAMSUNG ELECTRONICS,UA46ES6600M
SAMSUNG ELECTRONICS,UA40ES6700M
SAMSUNG ELECTRONICS,UA40ES6600M
SAMSUNG ELECTRONICS,UA32EH4500M
SAMSUNG ELECTRONICS,PS60E531A6M 
SAMSUNG ELECTRONICS,LA32E420E2M
SAMSUNG ELECTRONICS,UA55D6000SN
TCL,L46V6300F3DE-2
AWA,MSDV3213-O3-D0
Panasonic,TH-L42U5Z
Tecovision,LCD32AHRDLEBC
SAMSUNG ELECTRONICS,UA26EH4000M
TEAC,LCDV2256HD
SAMSUNG ELECTRONICS,UA40EH6000M
SAMSUNG ELECTRONICS,UA32EH5006M
SAMSUNG ELECTRONICS,PS43E450A1M
Sony,KDL-46EX650
Sony,KDL-40EX650
TEAC,LE1980HD
Panasonic,TH-L24X5A
Panasonic,TH-L24X5Z
SAMSUNG ELECTRONICS,PS60E530A3M
SAMSUNG ELECTRONICS,UA55D8000YN
Sony,KDL-55HX850
SAMSUNG ELECTRONICS,UA55D6400UN
SAMSUNG ELECTRONICS,PS60E550D1M
SAMSUNG ELECTRONICS,PS51E530A3M
SAMSUNG ELECTRONICS,UA32EH5306M
PHILIPS,22HFL4373D/10
SAMSUNG ELECTRONICS,UA55ES8000M
SAMSUNG ELECTRONICS,UA55D6600WN
TCL,L46V6300F3DE
Digitel+,42LCD3DT72
SAMSUNG ELECTRONICS,UA55D7000LN
TCL,L32E5300
TCL,L32D3260
SAMSUNG ELECTRONICS,UA60D6600VN
SAMSUNG ELECTRONICS,UA46D8000YN
SAMSUNG ELECTRONICS,UA60D8000YN
SAMSUNG ELECTRONICS,UA46D6600WN
SAMSUNG ELECTRONICS,UA46D7000LN
Continental,24A2C-D
TCL,L40E5200F
SAMSUNG ELECTRONICS,PS64D8000FV
SAMSUNG ELECTRONICS,UA22D5000NM
SAMSUNG ELECTRONICS,UA40D5000PM
SAMSUNG ELECTRONICS,PS59D8000FM
SAMSUNG ELECTRONICS,PS51D550C1M
SAMSUNG ELECTRONICS,PS51D6900DM
SAMSUNG ELECTRONICS,LA46D550K7M
SAMSUNG ELECTRONICS,LA40D550K7M
SAMSUNG ELECTRONICS,LA32D550K7M
SAMSUNG ELECTRONICS,LA32D400E1M
SAMSUNG ELECTRONICS,LA22D400E1M
SANSUI,LE32HWA
SANSUI,LE32HWB
SANSUI,LE32HWD
SANSUI,LE32HWF
SANSUI,LE32HWG
PALSONIC,TFTV6060M / TFTV6060MW
SANYO,LED-22XR10F
TEAC,LE3285FHD
SANYO,LCD-24XR11F
SANYO,LCD-42K40TD
TEAC,LCDV3956FHD
TEAC,LEDV32U83HD
TEAC,LEDV26U83HD
TEAC,LEDV22U83FHD
TEAC,LCD2681FHDR
SANYO,LED-32XR10F
SANYO,LCD-24K40
SANYO,LED-42XR10FH
SANYO,LCD-32XR10F
SANYO,LED-22XR11F
SANYO,LCD-32XZ11
SANYO,LCD-24XR10F
SANYO,LCD-39XR12F
SANYO,LED-24XR113D
SANYO,LED-46XR113D
SANYO,LCD-32XR11(B)
SANYO,LED-22XZ11F
SANYO,LED-42XR10FH(B)
SANYO,LCD-26XZ11
SANYO,LCD-32XR10F(B)
SANYO,LCD-40XR10F(C)
SANYO,LCD-26XR9DA(C)
SANYO,LCD-40XR10F(B)
Medion,MD21097 AUS-A
LOEWE,Xelos 40 LED Media 50424T83
LOEWE,Xelos 40 LED Media 50424W83
VIVO,LEDTV19DHD
Changhong,LED32B2500*
Sony,KDL-32HX750
NEONIQ,TCM22LEDFHD
NEONIQ,TL19F3DVDW
NEONIQ,TL19F3DVDP
NEONIQ,TL19F3DVDU
NEONIQ,TL19F3DVDR
NEONIQ,TL19F3DVDB
BAUHN,AJ-22FLEC1
PRIMA,LED2112FHDDVD
ONIX,OT-32HDC1
ONIX,LE32A3
GVA,GVA32FHDC
NEONIQ,TCM32LEDFHD
VIVID,AT-23LEC1 
Bang & Olufsen,BeoVision 7-40
ONIX,ON-32LC3D1 	
TEAC,LEBD4220FHD3D
SONIQ,L37V11B-AU
NEONIQ,ELTL32EXFHDD
Panasonic,TH-P55ST30A
NUOVO,NUO32HDLTV
TCL,L42V6300F3DE
GRUNDIG,GLED3211HDV*
VIVO,LEDTV19HD
SONIQ,L60U11A-AU
Palsonic,TFTV4010FL
SAMSUNG ELECTRONICS,PS51D6900DN
vivid,TVLED15
SANYO,LCD-46XZ11F
VISION,VS24LEDDVDP2
SENZU,4200SE-D111
SAMSUNG ELECTRONICS,UA40D6003SM
Palsonic,TFTV3855DTR
Panasonic,TH-50PF30W
TCL,L32E5200
Teco,TA22LALR
Teco,TA22LALR1
TOSHIBA,32LV800A
TOSHIBA,32LV800AZ
GRUNDIG,G22FLEDV
Panasonic,TH-P50UT30A
SANYO,LCD-40XR10F(D)
Panasonic,TH-P55VT30A
OKANO,LTV3204
TOSHIBA,32EL800A
TOSHIBA,32EL800AZ
SAMSUNG ELECTRONICS,UA75D9500ZM
SANYO,LCD-22VT11DVD
TEAC,DLE3289HD
TEAC,LE19A84HD
TEAC,LEDV2282FHD
TEAC,LCDV2656HD
TOSHIBA,32AV800A
TOSHIBA,32AV800AZ
TCL,L24E5200F
TEAC,LE4087FHD
SAMSUNG ELECTRONICS,UA32D5800VM
SAMSUNG ELECTRONICS,LA40D503F7M
SAMSUNG ELECTRONICS,UA26D4003BM
SAMSUNG ELECTRONICS,UA40D5800VM
SAMSUNG ELECTRONICS,UA40D5003BM
SAMSUNG ELECTRONICS,UA55D6000SH
SAMSUNG ELECTRONICS,UA22D5003BM
TEAC,LCDV2258HDR
SAMSUNG ELECTRONICS,PS59D8000FV
SAMSUNG ELECTRONICS,PS51D8000FV
HISENSE,HL50K610PZLN3D
HISENSE,HL39K610PZLN3D
SAMSUNG ELECTRONICS,UA46D5000PH
SAMSUNG ELECTRONICS,UA40D5000PH
SAMSUNG ELECTRONICS,UA32D5000PH
SAMSUNG ELECTRONICS,LA40D560F9H
SAMSUNG ELECTRONICS,LA37D560F9H
SAMSUNG ELECTRONICS,LA32D460E1H
SAMSUNG ELECTRONICS,LA26D460E1H
TCL,L40P60UF
SAMSUNG ELECTRONICS,UA55D6000SM
SAMSUNG ELECTRONICS,UA55D6400UM
SAMSUNG ELECTRONICS,UA46D7000LM
SAMSUNG ELECTRONICS,UA46D6600WM
SAMSUNG ELECTRONICS,UA40D6600WM
SAMSUNG ELECTRONICS,UA40D6400UM
SAMSUNG ELECTRONICS,UA40D6000SM
GVA,GVA22UA2
SAMSUNG ELECTRONICS,UA46D5000PM
SAMSUNG ELECTRONICS,UA40D5500RM
Panasonic,TH-P50GT30A
Panasonic,TH-P42GT30A
SAMSUNG ELECTRONICS,UA40D5010PM
SAMSUNG ELECTRONICS,UA27D5000NM
SAMSUNG ELECTRONICS,UA32D4010NM
LG,42LA6130-TB
SAMSUNG ELECTRONICS,PS43D450A2M
SAMSUNG ELECTRONICS,UA22D5010NM
SAMSUNG ELECTRONICS,UA32D5000PM
PALSONIC,PDP4310HD
SAMSUNG ELECTRONICS,PS51D8000FM
Panasonic,TH-L37DT30A
SAMSUNG ELECTRONICS,LA19D400E1M
TOSHIBA,40XV700A
Panasonic,TH-L42E3A
Panasonic,TH-L42U30A
SAMSUNG ELECTRONICS,PS43D490A1M
SAMSUNG ELECTRONICS,PS59D6900DM
Panasonic,TH-P50ST30A
Panasonic,TH-103PF12W
Panasonic,TH-65PF20W
Panasonic,TH-58PF20W
Panasonic,TH-50PH20W
Panasonic,TH-42PH20W
BAUHN,AS-42FHD1
AWA,MHDV2445-O3-D0
Panasonic,TH-P50U30A
ENGLAON,LED24M10
ENGLAON,LED24M20
ENGLAON,LED24M30
ENGLAON,LED24M50
ENGLAON,LED24M60
ENGLAON,LED24X10
ENGLAON,LED24X20
ENGLAON,LED24X30
ENGLAON,LED24X50
ENGLAON,LED24X60
TCL,L23D2200F
LOEWE,Loewe Connect Media 32 FHD100 DR + 68417T31
LOEWE,Loewe Connect Media 32 FHD100 DR + 68417U31
LOEWE,Loewe Connect Media 32 FHD100 DR + 68417W31
Panasonic,TH-L32U30A
Palsonic,TFTV4005FHD
NEONIQ,TCM22FHDDVD
LOEWE,Loewe INDIVIDUAL 32 SELECT LED 100 69415B80
LOEWE,Loewe INDIVIDUAL 32 SELECT LED 100 69415L80
LOEWE,Loewe INDIVIDUAL 32 SELECT LED 100 69415U80
Panasonic,TH-L32X30A
AOC,215LM00013
AOC,T2242we
Tecovision,LED19HNLD
Tecovision,LED19HNLDM1
AWA,MHDV4211-O3
Telefunken,TLPL42
SAMSUNG ELECTRONICS,UA22C4010PD
GVA,G19HDLCD1
Palsonic,TFTV8150LED
SENZU,5500SE-X101
SAMSUNG ELECTRONICS,PS50C680G5F
AWA,LE-42G90
TCL,L24D20FES
TCL,L24D20FEB
LOEWE,Loewe INDIVIDUAL 40 SELECTION LED 200 69418B80
LOEWE,Loewe INDIVIDUAL 40 SELECTION LED 200 69418L80
LOEWE,Loewe INDIVIDUAL 40 SELECTION LED 200 69418U80
SANYO,LED-46XR10FH
Panasonic,TH-P54VT20A
NEONIQ,LCH2692D
SANYO,LCD-46XR10F
SAMSUNG ELECTRONICS,UA55C9000SF
Panasonic,TH-L42D20A
HISENSE,HL55K160PZL
GRUNDIG,GLED2211HDVW
GRUNDIG,GLED2211HDV
LG,32LN549C-TA
LG,55LA6980-TA
SAMSUNG ELECTRONICS,HG46AB690QW
SAMSUNG ELECTRONICS,HG46AB670FW
Sony,KD-65X9004A
Sony,KDL-60R520A
BAUHN,ATV-22FLEC2
Audiosonic,1201
LG,47LN549C-TA
LG,42LN549C-TA
LG,22LN4500
Polaroid,I0312
Polaroid,I0315
LG,42LN5710-TE
SANYO,LED-46XR10FH(B)
SAMSUNG ELECTRONICS,PS43F4900AMXRD
SAMSUNG ELECTRONICS,PS43F4900AM
LOEWE,ART 32 LED 100 CL+ 50412T80
LOEWE,ART 32 LED 100 CL+ 50412U80
LOEWE,ART 32 LED 100 CL+ 50412W80
SAMSUNG ELECTRONICS,UA32F4000AMXRD
SAMSUNG ELECTRONICS,UA32F4000AMXXY
SAMSUNG ELECTRONICS,UA32F4000AM
LG,27MA53D
Sony,KDL-60R550A
AKAI,AK46FELED
Kontech,LE-47A6
Kontech,LE47A6
Kontech,LE-47F1
Kontech,LE-47F2
Kontech,LE-46F1
Kontech,LE-46F2
Kontech,LE-A17I0321
Kontech,LE-I0321
Kontech,LE
PRIMA,LED2111DVD
BAUHN,ATV-58IPED1
LG,32LA6230-TB
Sony,KDL-55W800A
AWA,MHDV3902Y-O3
LG,24LN4500
BAUHN,ATV-15LEC1
Dick Smith,GE6826
TCL,L22A20E
LG,32LN5400-TA
LG,50LN5400-TA
LG,42LS345H-TA
LG,39LN5400-TA
BAUHN,ATV-24LEC1
LG,50PN6500-TB
TCL,L32E3000
LG,50PN4500-TA
LG,42PN4500-TA
SHARP,LC-90LE740X
VOXSON,VLED47CP
GVA,GVAN22FLED
VOXSON,VLED55CP
Palsonic,TFTV7450M
Sony,KDL-46W900A
NEONIQ,TL185F2
Viano,LEDTV55FHD3D
Changhong,3D55A7000i*
HITACHI,LE47EC04AU
SHARP,LC-32LE345X
SHARP,LC-46LE835X
SHARP,LC-60LE940X
SHARP,LC-60LE835X
Palsonic,TFTV4945LEDR
WINTAL,32LED12FHD
Sony,KDL-50W700A
WINTAL,42LED12FHD
WINTAL,55LED12FHD
Viano,LEDTV37FHD
SANYO,LCD-22VT10DVD(C)
Changhong,LED50B2500i*
HISENSE,HL55XT770PZLN3D
AWA,MHDV3720-O3
Palsonic,TFTV8070MW
LOEWE,Loewe INDIVIDUAL 46 SELECTION LED 200 DR + 69419B47
LOEWE,Loewe INDIVIDUAL 46 SELECTION LED 200 DR + 69419L47
LOEWE,Loewe INDIVIDUAL 46 SELECTION LED 200 DR + 69419U47
LG,55LS645H-TB
SHARP,LC-80LE940X
NUOVO,NUO24DFHDLED
SHARP,LC-60LE631X
SHARP,LC-60LE631X-WH
BUSH,ID24FHDV
TEAC,LEDV29G72FHD
TCL,L19A20E
NEONIQ,LCF3218
SAMSUNG ELECTRONICS,UA55D6600WM
PRIMA,LED3211HD
SAMSUNG ELECTRONICS,LA32D450G1M
LG,60LN5710-TE
VIVO,LTV46FHD
Panasonic,TH-P60ST60A
Palsonic,TFTV607LEDR
Palsonic,TFTV607LEDR
Panasonic,TH-L24XM6A
LG,60LA8600-TA
LG,42LA6230-TB
LG,22MA53D
LG,55LA6620-TD
LG,47LN5400-TA
LG,26LT365H-TA
LG,22LT365H-TA
SHARP,LC-90LE740X
LG,60PN6500-TB
HITACHI,LE42EC06AU
TEAC,LEDV32U83HDR
Sony,KDL-55W900A
LG,24MN43D
Bauhn,ATV-50FHD1
Bauhn,AS-39FHD1
WINTAL,15LED12HD
SONIQ,LTV84702-L2M1A
SANYO,LED-42XR11F
Palsonic,TFTV8170LED
Sony,KDL-60EX640
AKAI,AK42FLED
AKAI,AK32LCDC
VIVO,LEDTV19DHD
sunview,SA26AHDP
Palsonic,TFTV6840DT
Dick Smith,GE6806
SAMSUNG ELECTRONICS,UA55D8000YM
TCL,L32M11PVR
VIVO,LTV26DHD
TOSHIBA,42HL900A
AKAI,AK32FLED
SAMSUNG ELECTRONICS,UA60ES8000M
SAMSUNG ELECTRONICS,UA46ES6700M
SAMSUNG ELECTRONICS,UA40ES6800M
LOEWE,ART 32 LED 50412_81
Palsonic,TFTV4600FHD
Palsonic,TFTV6045LEDR
Palsonic,TFTV8153DT
SAMSUNG ELECTRONICS,UA60EH6000M
SAMSUNG ELECTRONICS,UA55EH6000M
SANYO,LCD-19VT11DVD
TOSHIBA,46TL900A*
SAMSUNG ELECTRONICS,UA22ES5000M
SAMSUNG ELECTRONICS,PS51E450A1M
Bang & Olufsen,BeoPlay V1-32
Sony,KD-55X9004A
Palsonic,TFTV323FHD
GVA,GVA22FLEDA
Sony,KDL-32R400A
Telefunken,TP26C8
TOSHIBA,46WL800A
TOSHIBA,46WL800AZ
PRIMA,LCD2111DVD
Palsonic,TFTV425FL
Tecovision,LCD32HNLD
Tecovision,LCD32HNLD1
AKAI,AK50FDLED
VIVO,LEDTV19DHD
SANYO,LED-19XR11
VIALI,V32LEDF
Bauhn,ATV-19HED2
NUOVO,NUO32HDLCD
TCL,L24P11FE
GVA,GVA22FLEDJ
GVA,GVA26LEDC
SAMSUNG ELECTRONICS,PS43E400U1M
GVA,GVA19LEDCJ
GVA,GVA22FLEDCJ
Sony,KDL-65HX955
SAMSUNG ELECTRONICS,UA55EH6030M
SAMSUNG ELECTRONICS,UA50ES6900M
GVA,GVA22E61
SAMSUNG ELECTRONICS,UA40EH6030M
SAMSUNG ELECTRONICS,UA32EH4003M
Palsonic,TFTV800LEDR
SAMSUNG ELECTRONICS,UA46ES7100M
TOSHIBA,55VL900A*
TOSHIBA,47VL900A*
BAUHN,ATV-50FHD1 
RANK ARENA,SV-185H1HDVD
TOSHIBA,23DL900A
SAMSUNG ELECTRONICS,UA32D6000SN
GVA,GVA26FHD
SAMSUNG ELECTRONICS,HG40AA570LW
SAMSUNG ELECTRONICS,HG32AA470PW
Sony,KDL-32NX650
LOEWE,Connect 26 SL LED 50401_80
Panasonic,TH-P50U50A
SAMSUNG ELECTRONICS,T24B301AA
GVA,GVA19LEDC
GVA,GVA32LEDF
SANYO,LED-46XR123D
SAMSUNG ELECTRONICS,PS51E8000GM
SAMSUNG ELECTRONICS,PS51E531A6M
SAMSUNG ELECTRONICS,UA32ES6200M
SAMSUNG ELECTRONICS,UA40EH5306M
SAMSUNG ELECTRONICS,UA46ES7500M
SAMSUNG ELECTRONICS,UA46ES5500M
TCL,L39F3300F
Audiosonic,KM2120
Teco,TA19NCLR
Teco,TA19NCLR1
VIVID,AJ-15LE1
SAMSUNG ELECTRONICS,UA46D6400UN
Palsonic,TFTV385HDR
Telefunken,TEL22F3
Palsonic,TFTV554LEDR
Palsonic,TFTV476LED
Palsonic,TFTV455HD
TCL,L24D3260F
SAMSUNG ELECTRONICS,PS51D550C1N
HITACHI,LE42EC05AU
HITACHI,LE46EC05AU
SONIQ,L55S11A-AU
VISION,VS42LEDP2
Panasonic,TH-60PF30W
Palsonic,TFTV553LEDR
GVA,G32FHDLCD2
TEAC,LCD4265FHD
TEAC,LE5588FHD
SAMSUNG ELECTRONICS,PS51D450A2M
NUTEC,NUE3218
Sony,KDL-60EX720
Panasonic,TH-P50X30A
Panasonic,TH-P42X30A
Sony,KDL-55HX820
Panasonic,TH-P46GT30A
Panasonic,TH-P42ST30A
SAMSUNG ELECTRONICS,PS51D450A2M
SAMSUNG ELECTRONICS,UA37D5000PM
Palsonic,TFTV6042FHD
Sony,KDL-55NX720
Tecovision,LCD15HNTD
Tecovision,LCD15HNTDM1
Panasonic,TH-50PF20W
SAMSUNG ELECTRONICS,PS64D550C1M
SAMSUNG ELECTRONICS,PS59D550C1M
SAMSUNG ELECTRONICS,PS64D8000FM
Panasonic,TH-P55GT30A
SAMSUNG ELECTRONICS,LA22D450G1M
Palsonic,TFTV835HD
Sony,KDL-26BX320
Palsonic,TFTV6650LED
VIVID,AT-19LEC1
Sony,KDL-32EX420
AWA,MHDV2445-O3
AWA,MSDV1911-O3
TOSHIBA,42SL700A
NUTEC,NUE1958
SANYO,LCD-19XR9DA(B)
AWA,MHDV2411-O3
RANK ARENA,SV-32H1FHD1A
Palsonic,TFTV825HD
SONIQ,QSP550TV2-AU
Sony,KDL-55NX810
ONIX,LE22YC1
ONIX,LE19Y1
SANYO,LCD-40XR10F
Panasonic,TH-P58VT20A
SANYO,LED-32XR10FH
SONIQ,L42S10A-AU
NUTEC,NUE2108
TOSHIBA,24W2300A
TEAC,DLE5089FHD
TEAC,DLE4689FHD
SONIQ,L23V12B-AU
VIVO,LEDTV32FHDF
Palsonic,TFTV605LEDR
SAMSUNG ELECTRONICS,LA32D403E2M
Bauhn,ATV-46FLEM
TCL,L32E5390E
LG,47LP620H-TA
HISENSE,HL32K160L
Metz,Aurus 47 3D Media twin R
TOSHIBA,50L2300A
TOSHIBA,32W2300A
LG,32LP620H-TA
SAMSUNG ELECTRONICS,HG40AB690QW
SAMSUNG ELECTRONICS,HG40AB670FW
Panasonic,TH-P65ST60A
Metz,Taros 42 LED Media twin Z
LG,55LA9600-TA
SAMSUNG ELECTRONICS,HG32AB460GW
Panasonic,TH-L39EV6A
NEONIQ,TL215F10-BTP
HISENSE,HL50K160PL
Metz,Taros 32 LED Media twin Z
TOSHIBA,22L1300A
GVA,GVA50FDLED
LG,55LA8600-TA
LG,42LT760H-TA
LG,37LT760H-TA
LG,47LA6230-TB
LG,32LN571B-TE
Panasonic,TH-P50ST60A
LG,23MA53D
LG,27MT93D
AKAI,AK18LED
TCL,L32E330
Sony,KDL-70R550A
LG,50LA6230-TB
LG,42LA6620-TD
TEAC,LE3291HD
HISENSE,HL24K300L
Panasonic,TH-L39EM6A
Panasonic,TH-L32XV6A
Sony,KDL-42W800A
LG,26LN4500
LG,55LN5400-TA
Panasonic,TH-L42E6A
Dick Smith,GE6836
TEAC,DLEDV3989FHDR
Polaroid,I0311
LG,60PH6700-TD
LG,50PH6700-TD
SHARP,LC-60LE630X
TCL,L55F3300F
SHARP,LC-60LE640X
HITACHI,LE46EC04AUD
WINTAL,24LED12FHD
HISENSE,HL24V87
Metz,Taros 37 LED Media twin Z
GVA,GVA15FLED
GVA,GVA39FDLED
GVA,GVA32DLED
GVA,GVA32DLEDC
AKAI,AK46FELED
ONIX,OM-32DLEC
NUOVO,NUO32DHDLED
NEONIQ,ELLE3220
NEONIQ,ELF215A0WF3DF
Panasonic,TH-L32X50A
AWA,MSDV3268-O5-D0
AWA,MSDV1962-04-D0
SONIQ,L32V12B-AU
SONIQ,L32V12B-AU
TEAC,LEBD40D10FHDR
Panasonic,TH-50PF50W
Sony,KDL-55HX955
TCL,L55V7300F3DE
SAMSUNG ELECTRONICS,UA55ES7100M
NUOVO,NUO19DHDLED
TOSHIBA,40TL900A*
TEAC,LEBD32D10FHD
TEAC,LE23A84HD
TCL,L32F3300
TOSHIBA,32EL900A*
Tecovision,LED24AFRDLFBC
AKAI,AK42FLED
Panasonic,TH-P60UT50A
SAMSUNG ELECTRONICS, UA55ES6700M
SAMSUNG ELECTRONICS,UA55ES6200M
Palsonic,TFTV6043FHD
Panasonic,TH-L32C5Z
GVA,GVA32FLEDC
Digitel+,47LCD3DT72
SAMSUNG ELECTRONICS,UA40ES6200M
SAMSUNG ELECTRONICS,PS60E8000GM
SAMSUNG ELECTRONICS,PS51E550D1M
SAMSUNG ELECTRONICS,UA32ES5500M
SAMSUNG ELECTRONICS,UA40ES5500M
Panasonic,TH-L55ET5A
SAMSUNG ELECTRONICS,UA55ES7500M
PHILIPS,42HFL4373D/10
Tecovision,LED19AHRLCBC
PHILIPS,32HFL4373D/10
PHILIPS,26HFL4373D/10
TEAC,LCD2639HD
TEAC,LCD3281HD
TEAC,LCD2239HD
SAMSUNG ELECTRONICS,UA46EH6000M
SAMSUNG ELECTRONICS,UA19ES4000M
Sony,KDL-32EX650
TEAC,LEDV2482FHD
Panasonic,TH-L32X50A
Dick Smith,GE6810
sunview,SA32AHDP
NEONIQ,LCH2292D
TCL,L46E5300F
SANYO,LCD-40XZ11F
AWA,TV3245-D7
Panasonic,TH-P65VT30A
TCL,L40D3260F
GRUNDIG,G24FLEDV
NU-TEC,NUE2601
Palsonic,TFTV606LEDR
AWA,MSDV1636-O3
ONIX,ON-26FHD1
TCL,L55V6300Z3DE
Panasonic,TH-P50VT30A
Panasonic,TH-P55ST30A
SAMSUNG ELECTRONICS,UA55D7000LM
SAMSUNG ELECTRONICS,UA46D6400UM
SAMSUNG ELECTRONICS,UA46D6000SM
SAMSUNG ELECTRONICS,UA32D6000SM
TEAC,LE55AZFHD
HITACHI,L42EC05AU
PHILIPS,46HFL5573D/10
TEAC,LEBD32D10FHDR
TEAC,DLEDV3989FHD
TCL,L48F3300F
SAMSUNG ELECTRONICS,UA55ES6900M
SAMSUNG ELECTRONICS,UA46EH6030M
SAMSUNG ELECTRONICS,UA50EH6000M
Sony,KDL-42W700A
Sony,KDL-46W700A
Polaroid,I0313
Changhong,3D47A7000i*
Polaroid,I0316
Polaroid,I0314
KOGAN,KDL55MS30AD
KOGAN,KALED553DXZA
PHILIPS,55HFL5573D/10
VIVO,PTV51HD
Dick Smith,GE6805
Palsonic,TFTV740HL
TCL,L24D3000
GVA,GVA40FHD
AWA,MHDV4245-O3
SAMSUNG ELECTRONICS,UA40EH5006M
Panasonic,TH-L50E6A
Panasonic,TH-P60S60A
HITACHI,LE32EC04AUD
HITACHI,LE55EC06AU
HITACHI,LE39EC04AUD
GVA,GVALC22A58
SAMSUNG ELECTRONICS,HG55AB690QW
GVA,GVA26FHDC
SAMSUNG ELECTRONICS,T27B551AA
SAMSUNG ELECTRONICS,UA75ES9000M
HITACHI,LE24EC05AU
SAMSUNG ELECTRONICS,UA50ES5500M
Tecovision,LED22AFRDLLBB
BAUHN,AS-39FHD1 
GVA,GVA32M7D
GVA,GVA32M7
SAMSUNG ELECTRONICS,UA65ES8000M
SAMSUNG ELECTRONICS,HG39AB460HW
SAMSUNG ELECTRONICS,HG32AB690QW
SAMSUNG ELECTRONICS,HG32AB670BW
SAMSUNG ELECTRONICS,HG28AB670BW
SAMSUNG ELECTRONICS,PS51F4900AMXRD
SAMSUNG ELECTRONICS,PS51F4900AM
SAMSUNG ELECTRONICS,UA46F5000AMXRD
SAMSUNG ELECTRONICS,UA46F5000AMXXY
SAMSUNG ELECTRONICS,UA46F5000AM
SAMSUNG ELECTRONICS,UA40F5000AMXRD
SAMSUNG ELECTRONICS,UA40F5000AMXXY
SAMSUNG ELECTRONICS,UA40F5000AM
SAMSUNG ELECTRONICS,UA32F5000AMXRD
SAMSUNG ELECTRONICS,UA32F5000AMXXY
SAMSUNG ELECTRONICS,UA32F5000AM
SAMSUNG ELECTRONICS,UA50ES6200M
ONIX,LE23Y1
LG,32LN541B-TB
GVA,GVA19E61
ONIX,LE15M1
GVA,GVA15LED
VIVID,AB-32HDC2 
BAUHN,AS-47LE3D1 
VIVID,AT-32HD1
GVA,GVA22UA2C
GVA,GVA19UA2C
GVA,GVA19UA2
GVA,GVA40UA2
ONIX,OWS-22LED1
VIVID,AS-32HD1
ONIX,LE22QS98
GVA,GVA32UA2
SAMSUNG ELECTRONICS,UA39EH5003M
Palsonic,TFTV555LEDR
TCL,L39E330F
Polaroid,I0309
TONGTEL,TLED50
VISION,VS19LEDDVD1
VISION,VS22LEDDVDP4
VISION,VS24LEDDVDP4
VISION,VS32LEDDVDP4
Panasonic,TH-P65VT60A
Panasonic,TH-L50DT60A
Panasonic,TH-L55ET60A
Panasonic,TH-L50ET60A
Panasonic,TH-L50EM6A
Panasonic,TH-L50B6A
Panasonic,TH-L39B6A
Panasonic,TH-103PB1W
Panasonic,TH-L32XM6A
Panasonic,TH-85PB1W
Panasonic,TH-L32E5A
Viano,LEDTV47FHD
Panasonic,TH-L42E5A
Panasonic,TH-103PF12W
Viano,LEDTV19DHD
Panasonic,TH-85PF12W
Panasonic,TH-60PF50W
Panasonic,TH-L60E55A
Panasonic,TH-L32XM5A
Panasonic,TH-L32EM5A
Panasonic,TH-P65ST50A
Panasonic,TH-P65VT50A
Panasonic,TH-P55VT50A
Panasonic,TH-L55WT50A
SHARP,LC-46LE840X
SHARP,LC-52LE835X
SHARP,LC-52LE840X
SHARP,LC-40LE835X
TEAC,LEDV1982HD
LOEWE,Connect 22 SL LED 50405_80
TCL,L39E3000F
AKAI,AK18LED
Sony,KDL-32W670A
Panasonic,TH-L55DT50A
Panasonic,TH-L47WT50A
Panasonic,TH-L47DT50A
Panasonic,TH-L47ET50A
Panasonic,TH-L42ET50A
Panasonic,TH-P50ST50A
Panasonic,TH-P60ST50A
Panasonic,TH-L42ET5A
Panasonic,TH-P50UT50A
LG,32LS345H-TA
Panasonic,TH-L42E5A
NEONIQ,ELF22A0WF3DF
Panasonic,TH-L32E5A
Panasonic,TH-65PF30W
Panasonic,TH-P50ST50A
TEAC,LEBD40D10FHD
Panasonic,TH-P60ST30A
Panasonic,TH-P42UT30A
Panasonic,TH-P42U30A
Panasonic,TH-L32E3A
Tecovision,LED19AHRLCBC
Viano,LED40FHD
LG,42LN5400-TA
VIVO,LEDTV24DFHD
LG,24MN33D
HISENSE,HL55K310PZL3D
LG,22MN43D
LG,50LA6620-TD
LG,60LN5400-TA
LG,47LN5710-TE
LG,55LN5710-TE
TOSHIBA,32W1300A
Blaupunkt,BP3914HD
LOEWE,Loewe XELOS M 46 52449_80
Kogan,KALED55XX1ZA
Sony,KDL-42W670A
GVA,GVA32DLEDV
GVA,GVA32DLEDCV
LG,55LP620H-TA
LG,42LP620H-TA
LG,60LA7410-TA
LG,60LA7400-TC
LG,47LT760H-TA
LG,32LT760H-TA
LG,47LA7400-TC
LG,24MA53D
Sony,KDL-40R450A
Sony,KDL-50R550A
LG,55LA6230-TB
LG,47LA6620-TD
LG,60LA6230-TB
Changhong,LED39B2500i*
HISENSE,HL50K310PL
SONY,KD-84X9000
Bang & Olufsen,BeoPlay V1-40
KOGAN,MAGPIES42LED
KOGAN,KAELED42XXXZA
KOGAN,KALED42XXXZB
KOGAN,KALED473DXZA
KOGAN,KALED46XXXZA
PALSONIC,TFTV827HD
Skyworth,24E66A
Bang & Olufsen,BeoVision 11-40
GRUNDIG,G1912LED
Blaupunkt,BPV2214FHD
BUSH,ID22FHD
SHARP,LC-70LE735X
GRUNDIG,G2212FLED
GRUNDIG,G2212FELDV
GRUNDIG,G19LED
Dick Smith,GE6820
Dick Smith,GE6832
AWA,MSDV1911-O3-D0PU
AWA,MHDV2413-O3-D0
AWA,MHDV2245-O3-D0
Blaupunkt,BP2214FHD
Blaupunkt,BPV2414FHD
Palsonic,TFTV5580M
Palsonic,TFTV5580MW
VIVO,PTV50HD
Palsonic,TFTV3915FL
Barbie/Spiderman,SV-156A5DVD
Palsonic,TFTV8070M
RV Media,041437
RV Media,041433
Palsonic,TFTV6080M
Palsonic,TFTV6080MW
Palsonic,TFTV3900DT
Palsonic,TFTV8060MW
GRUNDIG,G1912LED
GRUNDIG,G1912LEDV
GRUNDIG,G3212LED
GRUNDIG,G3212LEDV
RV Media,041436
Viano,LCD37HD3D
Palsonic,TFTV8072M
Palsonic,TFTV4980M
Palsonic,TFTV4980MW
Bang & Olufsen,BeoVision 11-46
GRUNDIG,G2412FLED
GRUNDIG,G2412FLEDV
PALSONIC,PDP5130FHD
PALSONIC,TFTV557FHD
GRUNDIG,G22FLED
Cars,SV-15HD1DVD 
Palsonic,TFTV557FHD
SHARP,LC-60LE631X-WH
SHARP,LC-60LE631X
PALSONIC,TFTV4960M / TFTV4960MW
Panasonic,TH-P55VT60A
GVA,GVA32HD
TOSHIBA,39AL900A
MXT,LED1901
MXT,LED2601
Dick Smith,GE6835
Dick Smith,GE6831
Dick Smith,GE6827
Dick Smith,GE6803
Dick Smith,GE6801
Dick Smith,GE6804
Dick Smith,GE6606
Turtles,SV-156A5DVD-T
Barbie,SV-156A5DVD-B
Palsonic,TFTV3920M
MXT,LED2201
PRIMA,LED3212FHDDVD
Palsonic,TFTV805FL
Palsonic,TFTV6690LED
Metz,Caleo 47 3D Media twin R
Medion,MD30612AUS-A
Tecovision,LED22AFRLLBB
Bang & Olufsen,BeoVision 11-55
Palsonic,TFTV327FHD
SAMSUNG ELECTRONICS,UA55F6400AMXRD
SAMSUNG ELECTRONICS,UA55F6400AMXXY
SAMSUNG ELECTRONICS,UA55F6400AM
Palsonic,TFTV820HD
Samsung,UA26EH4000
Palsonic,TFTV6070M 
Palsonic,TFTV6070MW
Palsonic,TFTV5570M
Palsonic,TFTV5570MW
Palsonic,TFTV4970M 
Palsonic,tftv4970MW
HITACHI,LE32EC05AU
AWA,MSDV2968-05
AWA,MSDV1962-O4
Palsonic,TFTV803LEDR
Palsonic,TFTV8157DT
AWA,LE4603-O5
AWA, 
LOEWE,Individual 46 Compose 3D DR+ 50431_44
Tecovision,LED19AHRDLCBC
LOEWE,Connect ID 55 DR+ 51465_44
LOEWE,LOEWE Connect ID 40 DR+ 51463_44
Dick Smith,GE6824
BUSH,ID26HDV
BAUHN,ATV-32HDC1N 
VERA,NM018-34LED
LOEWE,Individual 55 Compose 3D DR+ 50432B48
LOEWE,Individual 55 Compose 3D DR+ 50432U48
LOEWE,Individual 55 Compose 3D DR+ 50432L48
LOEWE,Individual 40 Compose 3D DR+ 50430_44
LOEWE,LOEWE Connect ID 46 DR+51464_44
sunview,SH24AFEHDP
sunview,SA32AEHDP
Sony,KDL-32W600A
Dick Smith,GE6834
Dick Smith,GE6834
TEAC,LCD4265FHD
KOGAN,KGNFHDLED42VAA
NEONIQ,LT-2218
KOGAN,KGNFHDLED32VAA
KOGAN,KGNFHDLED42KVBA
KOGAN,KGNFHDLED46VAA
SONIQ,E42Z10A
KOGAN,KGNFHD42KVAA
KOGAN,KGNFHD32KVAA
TEAC,LE4688FHD
Polaroid,I0317
Sony,KDL-47W800A
LG,55LA7400-TC
LOEWE,Loewe INDIVIDUAL 32 COMPOSE LED 100 69415B47
LOEWE,Loewe INDIVIDUAL 32 COMPOSE LED 100 69415L47
LOEWE,Loewe INDIVIDUAL 32 COMPOSE LED 100 69415U47
SAMSUNG ELECTRONICS,T23B350AA
SAMSUNG ELECTRONICS,T22B350AA
SAMSUNG ELECTRONICS,T22A350
LG,26MA33D
LG,22MA33D
LG,29MN33D
SAMSUNG ELECTRONICS,PS43F4500AMXRD
SAMSUNG ELECTRONICS,PS43F4500AMXXY
SAMSUNG ELECTRONICS,PS43F4500AM
Tecovision,LED19AHRDLCBC
Tecovision,LED22AFRLLBB
Tecovision,LED22AFRDLLBB
Panasonic,TH-L55DT60A
Tecovision,LED26AFRLGBC
Tecovision,LCD32AHRLBBC
Panasonic,TH-P55UT50A
Panasonic,TH-L32B6A
Panasonic,TH-42PF20W
SONIQ,E23Z13A-AU
TEAC,LEDV19U83HD
SONIQ,E55S12A-AU
Palsonic,TFTV6044FHD
TEAC,LE55BEAFHD
Kogan,KALED46XX1ZA
Kogan,KALED553D1A
Panasonic,TH-L47E5A
Panasonic,TH-L47E5A
Panasonic,TH-P50XT50A
Panasonic,TH-P50XT50A
BAUHN,ATV-23FEDC1
SONIQ,E40S12A-AU
SUMO,SV-D01-185
HITACHI,LE50EC04AUD
Viano,LED24DFHD
SONIQ,E32Z10A-AU
VOXSON,VLED32-2
VISION,VS42LED3
VISION,VS42LED1
VISION,VS42LED2
VISION,VS42LEDD
VISION,YP42A01
VISION,YP42B01
VISION,YP42C01
VISION,YP42H01
Panasonic,TH-40CS610Z
Panasonic,TH-L50EM5Z
Panasonic,TH-L55ET5Z
VEON,VN37A3LED
Panasonic,TH-L50BL6Z
Panasonic,TH-P65ST60Z
TRANSONIC,TC46D6LCD
VEON,VN46D1LCD
Panasonic,TH-50AS640Z
Panasonic,TH-P60UT50Z
Panasonic,TH-P65VT50Z
Thomson,L24D
Thomson,LL19D
Panasonic,TH-L39EV6Z
Panasonic,TH-L32E6Z
Panasonic,TH-L55ET60Z
Panasonic,TH-L50E6Z
Panasonic,TH-L24XM6Z
Panasonic,TH-P50X60Z
Panasonic,TH-P50ST60Z
Panasonic,TH-P50S60Z
Panasonic,TH-L50EM6Z
Panasonic,TH-L39B6Z
Panasonic,TH-L39EM6Z
VEON,VN4628LED-FHD
VEON,VN3928LED
GVA,GVAN32FLED
VEON,VN3257LCD
Panasonic,TH-P60GT50Z
Panasonic,TH-P60ST50Z
Panasonic,TH-P65ST50Z
KONKA,KDL24MS510A
KONKA,KDL19MS510A
KONKA,KDL19MS512A
Veon,SRO9105
Veon,SRO9107
TEAC,LEDV2816FV
VEON,VN3938LED
TEAC,LEDV1916FV
TEAC,LEDV2216FV
VEON,VN24H1LCDHD
TEAC,LEDV1915FV
TEAC,LED1901FV
Panasonic,TH-L55DT50Z
Panasonic,TH-L42DT50Z
Panasonic,TH-L42ET50Z
Panasonic,TH-L47DT50Z
Panasonic,TH-L47ET50Z
Panasonic,TH-L47WT50Z
Panasonic,TH-L55WT50Z
Panasonic,TH-P55UT50Z
Panasonic,TH-P55VT50Z
Panasonic,TH-P55GT50Z
Panasonic,TH-P50U50Z
Panasonic,TH-P50GT50Z
Panasonic,TH-L32EM5Z
Panasonic,TH-L32XM5Z
VOXSON,VLED40CP
VISION,VS32LEDD
VISION,VS32LEDD1
VISION,VS32LEDD2
VISION,YP32A01
VISION,YP32B01
VISION,YP32C01
VISION,YP32H01
VISION,VS32LEDD3
VISION,VS24LEDD1
VISION,VS24LEDD2
VISION,VS24LEDD3
VISION,YP24A01
VISION,YP24B01
VISION,YP24C01
VISION,YP24H01
VISION,VS24LEDD
VISION,VS19LEDD1
VISION,VS19LEDD2
VISION,VS19LEDD3
VISION,YP19A01
VISION,YP19B01
VISION,YP19C01
VISION,YP19H01
VISION,VS19LEDD
VISION,VS40LEDD
VISION,VS40LEDD1
VISION,VS40LEDD2
VISION,VS40LEDD3
VISION,YP40A01
VISION,YP40B01
VISION,YP40C01
VISION,YP40H01
VOXSON,VLED46CP
GVA,GVAN26LEDC
Veon,SROM9106
Panasonic,TH-50CS650Z
Panasonic,TH-L39EM5Z
Panasonic,TH-L60E55Z
GVA,GVAN19LEDC
VEON,VN3059LCD-F8
GVA,GVANF22LED
VEON,VN3228LED-FHD
AKAI,AK22FLEDCG
AKAI,AK32DLEDN
VOXSON,VLED32-3
VISION,VS22LEDD1
VISION,VS22LEDD2
VISION,VS22LEDD3
VISION,YP22A01
VISION,YP22B01
VISION,YP22C01
VISION,YP22H01
VISION,VS22LEDD
VISION,VS26LEDD
VISION,VS26LEDD1
VISION,VS26LEDD2
VISION,VS26LEDD3
VISION,YP26A01
VISION,YP26B01
VISION,YP26C01
VISION,YP26H01
OKANO,LTV2600
SONIQ,E24Z10A-AU
SONIQ,E16Z10A-AU
OKANO,LTV5500F
SONIQ,L16V10B-AU
Thomson,LL22D
SONIQ,L32V12A-AU
VEON,VN4611LCD
UNIDEN,TL19-DV
UNIDEN,TL16-DV
Panasonic,TH-32A400Z
VEON,VN42S90LED
Panasonic,TH-50C400Z
VEON,VN2412LEDDVD
VEON,VN1630LED
VEON,VN32D3LED
VEON,VN50D3LED
VEON,VN3216LEDDVD
VEON,VN4212LED
Panasonic,TH-L55DT60Z
Panasonic,TH-L50DT60Z
VEON,VN4638LED
Panasonic,TH-L65WT600Z
VEON,VN3257LCD
Panasonic,TH-P50ST60Z
Panasonic,TH-L55WT60Z
SONIQ,L26V10A-AU
Panasonic,TH-P55VT60Z
Panasonic,TH-P65VT60Z
Panasonic,TH-P60ST60Z
Panasonic,TH-L42ET60Z
VEON,VN5812LED
Panasonic,TH-42AS700Z
Panasonic,TH-50CX610Z
Panasonic,TH-L55WT60Z
Panasonic,TH-L47WT60Z
Panasonic,TH-L50ET60Z
Panasonic,TH-P60S60Z
Panasonic,TH-L32B6Z
Panasonic,TH-L32XM6Z
TEAC,LEDV2416FV
TEAC,LEDV2215FV
KOGAN,KALCD42XXXZA
Panasonic,TH-55CX640Z
KOGAN,KALED503DSA
TEAC,LED2402FV
KONKA,KDL55JT611A
Panasonic,TH-85X940Z
Panasonic,TH-65AX900Z
VEON,VN3219LEDDVD
VEON,VN3299LEDDVD
Panasonic,TH-32AS610Z
Panasonic,TH-65AX800Z
VEON,VN4219LED
Panasonic,TH-55AX670Z
DORA,DECE1111B
DORA,LD156MSA6
Panasonic,TH-L50B6Z
Panasonic,TH-L32XV6Z
Panasonic,TH-60CX700Z
Panasonic,TH-65CX640Z
VEON,VN3238LED
VEON,VN1912LEDDVD
VEON,VN2412LED
VEON,VN2212LED
VEON,VN1912LED
Panasonic,TH-L42E6Z
Samsung,UA32J4003AW
Panasonic,TH-48AX670Z
Panasonic,TH-40CS650Z
Panasonic,TH-50A400Z
Panasonic,TH-55AS800Z
VEON,VN4018LED
Panasonic,TH-60AS700Z
Panasonic,TH-50AS700Z
Panasonic,TH-40A400Z
Panasonic,TH-60AS640Z
Panasonic,TH-42AS640Z
Panasonic,TH-60AS800Z
Panasonic,TH-24A400Z
Panasonic,TH-55AS700Z
Panasonic,TH-55AS670Z
Panasonic,TH-60A430Z
Panasonic,TH-55CS650Z
Panasonic,TH-58AX800Z
Panasonic,TH-32AS630Z
Panasonic,TH-50AS610Z
Panasonic,TH-50A430Z
Panasonic,TH-42A410Z
VEON,VN39D3LED
UNIDEN,TL22-DV
AKAI,AK24FLEDG
AKAI,AK18LEDG
AKAI,AK32DLEDG
Panasonic,TH-32C410Z
VEON,VN50S90LED
Panasonic,TH-60CX640Z
Panasonic,TH-42C400Z
Panasonic,TH--60CS610Z
Panasonic,TH-32C400Z
Panasonic,TH-60C430Z
Panasonic,TH-40C400Z
Panasonic,TH-24C400Z
Panasonic,TH-32CS600Z
Samsung,UA32FH4003W
Panasonic,TH-65CS610Z
Panasonic,TH-50CS610Z
Samsung,UA55J5500ASXNZ
Panasonic,TH-40CX610Z
Panasonic,TH-55CX700Z
Panasonic,TH-65CX700Z
KONKA,KDE55JT303A
KONKA,KDG32JT542A
KONKA,KDG50JT628A
Samsung,UA40JU6600SXNZ
Panasonic,TH-50CX700Z
SONIQ,E26Z11B-AU
Kogan,KALED55XX**
Panasonic,TH-P42ST30Z
Panasonic,TH-L32U30Z
Panasonic,TH-P50UT50Z
Panasonic,TH-P42UT50Z
Panasonic,TH-L42ET5Z
Panasonic,TH-P50ST50Z
VOXSON,VLCD32XTD-3
Kogan,KALED19XXX**
Kogan,KALED16XXX**
SONIQ,L32V11B-AU
SONIQ,E16Z11B-AU
SONIQ,E22Z11B-AU
SONIQ,E32Z11A-AU
SONIQ,E22Z11C-AU
Panasonic,TH-P50X50Z
Panasonic,TH-L32E5Z
VOXSON,VLCD26XT
VOXSON,VLCD32CTX-3
VOXSON,VLCD26CTX
Panasonic,TH-P42X50Z
VEON,VN2280LED-FHD-C
Panasonic,TH-L47E5Z
TEAC,LEDV1605DT
TEAC,LCDV1500DT
TEAC,LEDV2205DT
Panasonic,TH-P65VT30Z
Panasonic,TH-P58S20Z
KONKA,KDL50MS701A
Thomson,CTF2291
Panasonic,TH-L47ET5Z
Panasonic,TH-L42E5Z
Panasonic,TH-L32X50Z
Panasonic,TH-P42ST50Z
Panasonic,TH-P50GT30Z
Panasonic,TH-L42U30Z
Panasonic,TH-L32C30Z
Panasonic,TH-L32X30Z
VOXSON,VLCD46CP
TEAC,LCD3282FHD
TEAC,LCD-320X
Bluesen,BL39X19NZ
Bluesen,BL48X19NZ
KONKA,KDL39MS615A
KONKA,KDL32MS611A
KONKA,KDL32MS65A
KONKA,KDL48GS618A
KONKA,KDL40GS518A
kinezo,KNZ24FHDLEDDVD
Visione,VISLED1960HD
VOXSON,VLED32
VEON,VN1980LED/DVD-C
KONKA,KDL19GS618A
KONKA,KDL19GS619A
TRANSONIC,TC2430LED/DVD-C
TEAC,LEDV1905DT
VOXSON,VLCD32CTX-2
TEAC,LEDV2405DT
SONIQ,L42V11A-AU
SONIQ,L32V11C-AU
Panasonic,TH-P60ST30Z
Panasonic,TH-P50UT30Z
Panasonic,TH-P42UT30Z
Panasonic,TH-P55ST30Z
Panasonic,TH-P55GT30Z
Panasonic,TH-P50X30Z
Panasonic,TH-P50VT30Z
Panasonic,TH-P50U30Z
Panasonic,TH-P42X30Z
Panasonic,TH-P50ST30Z
Panasonic,TH-P46GT30Z
Panasonic,TH-P42VT30Z
Panasonic,TH-P42U30Z
Panasonic,TH-L42E3Z
Panasonic,TH-L32E3Z
Panasonic,TH-L42E30Z
Panasonic,TH-L32E30Z
Panasonic,TH-L37DT30Z
TEAC,LCD4282FHD
TEAC,LCD-420X
THOMSON,32D6
Panasonic,TH-L32DT30Z
KONKA,KDL40MT627AN
Changhong,LED32A3500*
Changhong,LT39A3100*
Changhong,LT39A3100*
Changhong,E24M750**
Changhong,E32M250**
Changhong,PT43A3600*
Changhong,PT51A3600*
Visione,VISLED3260HD
Visione,VISLED1965HD
KONKA,KDL24GS618A
KONKA,KDL39GS618A
Bluesen,BL32X19NZ
KONKA,KDL42GS618A
KONKA,KDL32GS619A
KONKA,KDL32GS618A
KONKA,KDL32MS615A
KONKA,KDL42MS611A
KONKA,KDL40ES620A
KONKA,KDL32ES620A
KONKA,KDG32JT620A
Panasonic,TH-42A400Z
LG,26LE3300-TA
SONY,KD-70X8500B
THTF,KGNPRO26VAA
THTF,LC-26A40
LG,32LE5310-TC
GVA,G32TDC15
PHILIPS,32HFL5007D/10
Sony,KDL-32W700B
LG,50PZ850-TA
PHILIPS,42HFL4007D/10
CHANGHONG,E22M550DV
CHANGHONG,E22M550DA
CHANGHONG,E22M550DB
CHANGHONG,E22M550DC
CHANGHONG,E22M550DE
CHANGHONG,E22M550DV-NE
CHANGHONG,E22M550DV-NA
LG,60PZ950-TA
LG,55LX6500-TD
Metz,Axio pro 26 LED CT Z
LG,32LE4500-TA
Sony,KDL-60W850B
LG,32LV3500-TA
LG,50PW450-TD
HISENSE,HLS140T18PZL
Sony,KDL-70W850B
Sony,KDL-32W700C
PHILIPS,26HFL3117D/10
Palsonic,TFTV6066MW
Palsonic,TFTV6066M
Metz,Sirius 42 LED 200 twin R
WINTAL,26LCD11FHD
VISION,VS32LEDDVDPZ1
LG,26LK330-TB
SAMSUNG ELECTRONICS,UA40H5003AW
LG,32LK330-TH
SAMSUNG ELECTRONICS,UA19H4000AW
LG,47LT650H-TA
LG,47LT640H-TA
LG,47LM6410-TB
LG,32LM6410-TB
VISION,24E01
VISION,VS24LEDDVDP3
LG,42LK457C-TA
Metz,Caleo 42 LED 200 Media twin R
HISENSE,HL39K20D
LG,55LA6200-TA
SAMSUNG ELECTRONICS,UA55F9000AM
LG,70LB656V-TA
Palsonic,TFTV700M
LG,26LT650H-TA
SHARP,LC-60LE650X
Skyworth,24E58A
LG,50LB6500-TH
LG,42LY540H-TA
VERA,NM023-34LED
SAMSUNG ELECTRONICS,HG55AC690EW
GVA,GVALED15J
JVC,LT-40ND55A
TCL,L32S4690S
Metz,Caleo 47 LED 200 Media twin R
Metz,Caleo 37 LED 200 Media twin R
Changhong,LED40C2600
HISENSE,85T910UAD
LG,47LY540H-TA
Sony,KDL-40W700C
LG,65UF770T-TA
Palsonic,TFTV3955MW
SAMSUNG ELECTRONICS,UA82S9WAW
LG,42LX531H-TA
CHANGHONG,E42M650PV
CHANGHONG,E42M650PA
CHANGHONG,E42M650PB
CHANGHONG,E42M650PC
CHANGHONG,E42M650PD
LG,55UG870T-TA
Blaupunkt,BP3230HDV
JVC,LT-39N530A
TCL,L65E55**FDS
KOGAN,KALED24XXXZA
Teco,LED19EHRTBBF
SONIQ,S42V14B-AU
SONIQ,S42V14B-NZ
LG,60UF770V-TA
SAMSUNG ELECTRONICS,HG55AC890XW
KOGAN,KALED50XXXVA
LG,32LV2530-TK
LG,42LK450-TG
LG,22LK330-TH
SAMSUNG ELECTRONICS,UA28H4000AW
JVC,LT-42N530Z
SAMSUNG ELECTRONICS,HG46AC890XW
TCL,L46E5510FDS
CHANGHONG,L32M150DV
CHANGHONG,L32M150DA
CHANGHONG,L32M150DB
CHANGHONG,L32M150DC
CHANGHONG,L32M150DV-NC
LG,32LF631V-TB
Orion,42ST6000
LG,50PZ650-TD
Palsonic,TFTV5027FL
SHARP,LC-60LE960X
Changhong,3D60C4000i
LG,55UB850T-TA
LG,65LA9700-TA
Changhong,LED39C2000
KOGAN,KALED55UHDZA
TEAC,LEV3992FHD
LG,32LT360C-TA
LG,32LV3300-TG
LG,26LK330-TH
LG,47LW7200-AA
Blaupunkt,BP2830HDV
TCL,L32E5510S
LG,42LV3400-TA
LG,32LK330-TB
TEAC,LE5050FHD
Metz,Linus 32 LED 200 Media twin Z
Metz,Axio pro 42 LED 200 Media twin R
LG,65LM6200-TA
SHARP,LC-70LE951X
SHARP,LC-70LE950X
SHARP,LC-70LE960X
FIRETAIL,LE-2230
Metz,Primus 42 3D Media twin R
Metz,Primus 55 3D Media twin R
LG,42LM3400-TB
LG,32LM6400-TA
Digitel+,LT40SACUA
HISENSE,HL50K360PZL3D
LG,47LM6690-TC
LG,42LT640H-TA
LG,42LM6200-TA
LG,47LK457C-TA
LG,32LM6690-TC
CHANGHONG,3D55A4000*
LG,55LW9800-TA
LG,32LD320H-TB
LG,55LW4500-TA
LG,42LY755H-TA
LG,55LW7700-TA
LG,26LD352C-TA
LG,42LH220H-TA
LG,42LS3400-TA
Digitel+,LT32S16UA
HISENSE,HL42K15PL
HISENSE,HL40T28PZL
HISENSE,HL26T28L
LG,32LS3400-TA
LG,32LM6200-TA
LG,55UC970T-TA
HISENSE,HL24V78P
HISENSE,HL46K26PZL
HISENSE,HL42K316PZL3D
HISENSE,HL50K316PZL3D
HISENSE,HL40V78P
HISENSE,HL32V87
HISENSE,HL32T28PZL
HISENSE,HL42K11PL
dick smith,GE6800
LG,60LB5820-TB
KOGAN,KALED55XX1A
LG,37LV355H-TA
CHANGHONG,E19M550DV
CHANGHONG,E19M550DA
CHANGHONG,E19M550DB
CHANGHONG,E19M550DC
CHANGHONG,E19M550DE
CHANGHONG,E19M550DV-NE
CHANGHONG,E19M550DV-NC
CHANGHONG,E22M450PV
CHANGHONG,E22M450PA
CHANGHONG,E22M450PB
CHANGHONG,E22M450PC
CHANGHONG,E22M450PD
CHANGHONG,E22M450-NC
CHANGHONG,E22M450-NE
MEDION,MD21097 AUS-A
CHANGHONG,E19M450PV
CHANGHONG,E19M450PA
CHANGHONG,E19M450PB
CHANGHONG,E19M450PC
CHANGHONG,E19M450PD
CHANGHONG,E19M450PV-NE
CHANGHONG,E19M450PV-NC
LG,42LW4500-TA
LG,32LS3500-TB
LG,42LK450-TA
TEAC,LEV24A1FHD
LG,47LM6700-TA
HISENSE,HL55T36PZL
CHANGHONG,E32M450PV
CHANGHONG,E32M450PA
CHANGHONG,E32M450PB
CHANGHONG,E32M450PC
CHANGHONG,E32M450PD
CHANGHONG,E32M450PE
CHANGHONG,E32M450PV-NC
CHANGHONG,E32M450P-NE
CHANGHONG,E22M650PV
CHANGHONG,E22M650PA
CHANGHONG,E22M650PB
CHANGHONG,E22M650PC
CHANGHONG,E22M650PV-NC
CHANGHONG,E24M550DV
CHANGHONG,E24M550DA
CHANGHONG,E24M550DB
CHANGHONG,E24M550DC
CHANGHONG,E24M550DE
CHANGHONG,E24M550DV-NE
CHANGHONG,E24M550DV-NC
CHANGHONG,L42M100FD
CHANGHONG,L42M100FA
CHANGHONG,L42M100FB
CHANGHONG,L42M100FC
CHANGHONG,L42M100FD
CHANGHONG,L42M100FN
CHANGHONG,L42M100FM
CHANGHONG,LED2407B
CHANGHONG,LED2407BA
CHANGHONG,LED2407BC
CHANGHONG,LED2407BD
CHANGHONG,CHP4263A
CHANGHONG,CHP4263AB
CHANGHONG,CHP4263AC
CHANGHONG,CHP4263AD
CHANGHONG,CHL4725A
CHANGHONG,CHL4725AB
CHANGHONG,CHL4725AC
CHANGHONG,CHL4725AD
CHANGHONG,CHP4210A
CHANGHONG,CHP4210AB
CHANGHONG,CHP4210AC
CHANGHONG,CHP4210AD
CHANGHONG,E32M650PV
CHANGHONG,E32M650PA
CHANGHONG,E32M650PB
CHANGHONG,E32M650PC
CHANGHONG,E32M650PD
CHANGHONG,E32M650PV-NC
CHANGHONG,E19M650**
CELESTIAL,LT4010A
CELESTIAL,LT4010B
CELESTIAL,LT4010C
CELESTIAL,LT4010D
CELESTIAL,LT4010A-NC
CELESTIAL,LT4010*
CELESTIAL,LT2610A
CELESTIAL,LT2610B
CELESTIAL,LT2610C
CELESTIAL,LT2010D
CELESTIAL,LT2610A-NC
CELESTIAL,LT2610A-NA
dick smith,GE6603
TCL,U40E5691FDS
LG,32LV3300-TA
LG,72LW9900-TA
octopus,OCTO-133CTV
octopus,OCTO-1308A
octopus,OCTO-1328
octopus,OCTO-1329
PHILIPS,22HFL3117D/10
SAMSUNG ELECTRONICS,UA32F4500AM
LG,32LS3450-TA
LG,37LT640H-TA
SAMSUNG ELECTRONICS,UA46F6300AM
CHANGHONG,L42M150DV
CHANGHONG,L42M150DA
CHANGHONG,L42M150DB
CHANGHONG,L42M150DC
CHANGHONG,L42M150DV-NC
CHANGHONG,L42M150DV-NE
LG,55LW7200-AA
TCL,U50E6800FS
LG,42LV355H-TA
LG,55LV355H-TA
SONIQ,E23Z13A-NZ
SONIQ,E23Z15A-NZ
SONIQ,E23Z15A-AU
SHARP,LC-46LE835X
HISENSE,HL46T39PZLN3D
LG,32LW5700-TA
LG,26LV2530-TK
LG,22LV2530-TK
LG,32LK450-TG
HISENSE,HL46K11PL
Orion,46ST6000
Changhong,LED32A6500i
pangoo,LC-32A58
pangoo,"LT-32S31F,LC-32A58"
pangoo,LT-32S31F
LG,47LW9800-TA
HISENSE,HL55T40PZLN3D
SHARP,LC-40LE530X
LG,32LK455H-TA
LG,42LW5700-TA
FIRETAIL,LE-1910
HISENSE,HL32K26PL
HISENSE,HL40K26PZL
SAMSUNG ELECTRONICS,UA46F8500AM
SAMSUNG ELECTRONICS,UA22F5000AM
LG,47LV355C-TA
LG,32LK455C-TA
LG,32LH200C-TA
LG,37LK455C-TA
Orion,26MT6000
TCL,L65E5500FS
LG,32LW4500-TA
GVA,GVALED15
LG,47LK455C-TA
LG,42LD320H-TB
LG,42LK455H-TA
LG,65LW6500-TA
WINTAL,32LCD11FHD
WINTAL,19LCD11HD
LG,32LV3400-TA
HISENSE,HL55T39PZLN3D
HISENSE,HL26V78
HISENSE,HL42K16PL
HISENSE,HL24K16PL
LG,37LV3730-TD
HISENSE,HL32V78
LG,22LK335C-TB
GVA,GVADLED32
SAMSUNG ELECTRONICS,UA40F7500BM
LG,32LK335C-TB
LG,26LK335C-TB
HISENSE,HL32K16L
HISENSE,HL19K16L
LG,47LW4500-TA
LG,32LV3730-TD
HISENSE,HL55K360PZL3D
Schaub Lorenz,SL 37-5 LED-100
SONIQ,E19Z10A-AU
Schaub Lorenz,SL 32-5 LED
LG,32LD462B-TA
LG,37LD462B-TA
LG,42LD462B-TA
LG,47LD462B-TA
GVA,GVAFLEDC22J 
HISENSE,HL26K16PL
LG,47LV3730-TD
GVA,GVALEDC19J
LG,42LV3730-TD
LG,47LW9500-TA
LG,47LV3500-TA
SHARP,LC-60LE830X
DORA,DE06(DECE2008)
Palsonic,TFTV805LED
LG,47LV5500-TA
LG,42LW6500-TA
LG,47LW5700-TA
LG,55LW6500-TA
LG,47LW6500-TA
LG,47LW7700-TA
LG,50PX950-AA
LG,50PZ570-TB
LG,50PZ950-TA
LG,42LT650H-TA
LG,22LK330-TB
LG,37LV3500-TA
LG,42LK430-TB
LG,32LV2530-TD
LG,32LK450-TA
LG,32LK430-TB
LG,42PW450-TD
LG,42LV3500-TA
LG,42PT250-TA
LG,50PT250-TA
LG,26LV2530-TD
Metz,Primus 55 LED 200 twin R
LG,42LS3450-TA
HISENSE,HL32V86
HISENSE,HL55T36PZLN3D
CHANGHONG,E42M450PV
CHANGHONG,E42M450PA
CHANGHONG,E42M450PB
CHANGHONG,E42M450PC
CHANGHONG,E42M450PD
CHANGHONG,E42M450PE
CHANGHONG,E42M450PV-NC
CHANGHONG,E42M450PV-NE
LG,32LV2510-TB
LG,42LM6410-TB
HISENSE,HL40K160PL
LG,42LN549E-TA
LG,47LT640E-TA
LG,32LP360H-TA
SAMSUNG ELECTRONICS,UA50F6100AM
SAMSUNG ELECTRONICS,UA85S9AM
HISENSE,HL55K610PZLN3D
SAMSUNG ELECTRONICS,UA40EH5006MXXY
TEAC,LEV2492FHD
SAMSUNG ELECTRONICS,HG55AB890XW
TEAC,LE32G6FHD
SAMSUNG ELECTRONICS,PS51F5000AM
SAMSUNG ELECTRONICS,UA40F6700AM
SAMSUNG ELECTRONICS,UA55F6700AM
SAMSUNG ELECTRONICS,UA46F6800AM
SAMSUNG ELECTRONICS,UA46F5500AM
SAMSUNG ELECTRONICS,UA46F5300AM
JVC,LT-50N530Z
SAMSUNG ELECTRONICS,UA32F6300AM
SAMSUNG ELECTRONICS,PS64F5500AM
SAMSUNG ELECTRONICS,PS60F5500AM
LG,42LT360C-TA
SAMSUNG ELECTRONICS,HG32AD690DW
GVA,GVALED26C 
SAMSUNG ELECTRONICS,UA40H4200AW
LG,26LV2510-TB
CHANGHONG,E24M450PV
CHANGHONG,E24M450PA
CHANGHONG,E24M450PB
CHANGHONG,E24M450PC
CHANGHONG,E24M450PD
CHANGHONG,E24M450PV-NC
CHANGHONG,E24M450PV-NE
LG,39LY540H-TA
LG,50PV250-TB
LG,47LY541H-TA
LG,55LM7600-TA
SONIQ,U65TX14A-AU
SONIQ,U65TX14A-NZ
TCL,L24D2710
TCL,L24D2700
LG,32LD462C-TA
HISENSE,HL46T28PZL
LG,47LS4600-TA
LG,42LS4600-TA
HISENSE,HL19K15L
LG,50PM4700-TA
LG,47LD462C-TA
LG,32LD352C-TA
LG,72LZ9700-TA
Metz,Sirius 37 LED 100 twin R
LG,32LS5700-TB
CHANGHONG,P50M200TD
CHANGHONG,P50M200TA
CHANGHONG,P50M200TB
CHANGHONG,P50M200TC
CHANGHONG,P50M200TD-NC
LG,M2380DFM
CHANGHONG,E42L350FD
CHANGHONG,E42L350FA
CHANGHONG,E42L350FB
CHANGHONG,E42L350FC
CHANGHONG,E42L350FG
CHANGHONG,E42L350FE
CHANGHONG,E42L350FH
CHANGHONG,E42L350FD-NC
CHANGHONG,E42L350FD-NE
CHANGHONG,CHL3255B-NE
CHANGHONG,CHL3255B-NF
CHANGHONG,CHL3255B-NG
CHANGHONG,CHL3255B-NH
CHANGHONG,E46L350FD
CHANGHONG,E46L350FA
CHANGHONG,E46L350FB
CHANGHONG,E46L350FC
CHANGHONG,E46L350FE
CHANGHONG,E46L350FG
CHANGHONG,E46L350FH
CHANGHONG,E46L350FD-NA
CHANGHONG,E46L350FD-NE
CHANGHONG,E32L350FD
CHANGHONG,E32L350FA
CHANGHONG,E32L350FB
CHANGHONG,E32L350FC
CHANGHONG,E32L350FE
CHANGHONG,E32L350FG
CHANGHONG,E32L350FP
CHANGHONG,E32L350FD-NA
CHANGHONG,E32L350FD-NE
LG,55LY541H-TA
Skyworth,55E66A
Schaub Lorenz,SL 42-5 LED-100
CHANGHONG,E55L350FD
CHANGHONG,E55L350FA
CHANGHONG,E55L350FB
CHANGHONG,E55L350FC
CHANGHONG,E55L350FD
CHANGHONG,E55L350FG
CHANGHONG,E55L350FH
CHANGHONG,E55L350FD-NA
CHANGHONG,E55L350FD-NE
Changhong,LED29A6500DV*
Kogan,KGN1080PPRO26VDA
Kogan,LC-26A40(DVB-T+DVD)
Kogan,LC-26A40(DVB-T )
Kogan,LC-26A40(DVB-T CI)
Kogan,LC-26A31(DVB-T+DVD)
Kogan,LC-26A31(DVB-T )
Kogan,LC-26A50(DVB-T+DVD)
Kogan,LC-26A50(DVB-T)
Kogan,LC-26A51(DVB-T+DVD)
Kogan,LC-26XXXXX(DVB-T)(Where X would be any Arabian numeral or LCtter or blank)
KOGAN,KALED19XXXZA
PENDO,PNDLHDU18
Dick Smith,GE6871
LG,32LV355H-TA
PHILIPS,26HFL4007D/10
PHILIPS,32HFL3117D/10
PHILIPS,42HFL3117D/10
HISENSE,HL24T28PL
HISENSE,HL55V89PZ
TEAC,LE5851FH3D
GVA,GVA27LEDC 
SHARP,LC-60LE950X
SHARP,LC-60LE951X
HISENSE,HL42V86P
SHARP,LC-40LE355X
LG,60LA6430-TA
TCL,L65F3500FDS
HISENSE,HL24K20D
HISENSE,HL32K20D
TCL,L24E4100F
LG,55LV3730-TD
HISENSE,HL24K15PL
TEAC,LEV1994HD
LG,42LP360H-TA
SAMSUNG ELECTRONICS,UA55ES8000M
TEAC,LE5094FH3D
SAMSUNG ELECTRONICS,UA60F6300AM
SAMSUNG ELECTRONICS,UA60F8000AM
LG,26LK335H-TB
LG,26LH200C-TA
PHILIPS,22HFL4007D/10
CHANGHONG,LED3207B
CHANGHONG,LED3207BA
CHANGHONG,LED3207BC
CHANGHONG,LED3207BD
PHILIPS,32HFL4007D/10
NUOVO,NUO32HDLED3D
Dick Smith,GE6876
TCL,L40S4690FS
SONIQ,E19Z10A-AU
CHANGHONG,CHP5063A
CHANGHONG,CHP5063AB
CHANGHONG,CHP5063AC
CHANGHONG,CHP5063AD
AWA,LC-16G78
AWA,LC-16G78(DVB-T)
AWA,LC-16A40(DVB-T)
AWA,LC-16A58(DVB-T)
AWA,LC-16A50(DVB-T)
AWA,LC-16A51(DVB-T)
Changhong,LED46C2000
LG,42LV5500-TA
SHARP,LC-40L500X
KOGAN,KALED32DVDZA
LG,55LV5500-TA
HISENSE,HL32K15L
LG,32LE3300-TA
senzu,1900SE-A101
senzu,2200SE-A101
LG,60PX950-AA
Sphere,215FHDLED
BAUHN,ATV58-615
LG,70LA8610-TA
HISENSE,HL24V86P
SAMSUNG ELECTRONICS,UA88JS9500W
Palsonic,TFTV558LED
Kogan,KGN1080P46VAA
Kogan,KGN1080P46VAB
Kogan,LC-46A58
LG,22LD320H-TA
LG,47LE5310-TC
EI8HT,MTV-2401A
LG,22LE6500-TA
LG,42LM6690-TC
LG,42LE4500-TA
LG,26LE6500-TA
LG,22CS460-TA
CHANGHONG,CHP5020A
CHANGHONG,CHP5020AB
CHANGHONG,CHP5020AC
CHANGHONG,CHP5020AD
LG,42LD320H-TA
dick smith,GE6610
LG,37LD320H-TA
LG,26LD320H-TA
LG,32LS4600-TA
LG,47LM6200-TA
SAMSUNG ELECTRONICS,UA55JU6600W
LG,60PZ850-TA
HISENSE,65K390PAD
LG,22LD320H-TB
LG,55LW5700-TA
LG,22LV2530-TD
pangoo,LC-19A78V
pangoo,KGNPRO19VBA
pangoo,KGNPRO19VDA
LG,55LW9500-TA
LG,60PZ570-TB
dick smith,GE6604
Viano,LCD37HD
CHANGHONG,LED4207B
CHANGHONG,LED4207BA
CHANGHONG,LED4207BC
CHANGHONG,LED4207BD
HISENSE,HL47V87PZ
LG,26LD320H-TB
LG,42LV355C-TA
HISENSE,HL40V87P
LG,60PV250-TB
LG,37LD462C-TA
LG,42LD462C-TA
LG,22LD352C-TA
Kogan,KGPRO19VBA
Kogan,LC-19A78V
Skyworth,42E360
SONIQ,L26V10A-AU
Kogan,KGN1080P42VAA
Kogan,LC-42A58
Kogan,LC-42A50
Kogan,LC42A40
LG,55LE7500-TA
Changhong,LED40D1050
LG,55LA9700-TA
LG,60LN549E-TA
TEAC,LE23A86FHD
SAMSUNG ELECTRONICS,HG65AC890XW
LG,65LA9650-TA
SHARP,LC-70UD1X
LG,84LA9800-TA
SAMSUNG ELECTRONICS,UA78HU9000W
Audiosonic,T2401
TEAC,LE3293HD
CELESTIAL,LT2283A
CELESTIAL,LT2283B
CELESTIAL,LT2283C
CELESTIAL,LT2283D
CELESTIAL,LT2283AC
CELESTIAL,LT2283AB
CELESTIAL,LT3283A
CELESTIAL,LT3283B
CELESTIAL,LT3283AB
CELESTIAL,LT3283AC
CELESTIAL,LT3283AD
WINTAL,DVBT702HD
CHANGHONG,E32M550DV
CHANGHONG,E32M550DA
CHANGHONG,E32M550DB
CHANGHONG,E32M550DC
CHANGHONG,E32M550DH
CHANGHONG,E32M550DV
BAUHN,ATV-50FHD4 
TCL,L40F3520FS
TCL,L39E5390FE
Changhong,LED29A6500DV
LG,55LA9650-TA
WINTAL,PD1200HD
TCL,L55E5510FDS
TCL,L40E3020F
TCL,L32F1520
TCL,L32E2000
Metz,Linus 42 LED 200 CTS2 Z
Metz,Linus 37 LED 200 CTS2 Z
Metz,Linus 32 LED 200 CTS2 Z
Metz,Axio pro 42 LED 200 CTS2 Z
Metz,Axio pro 37 LED 200 CTS2 Z
Metz,Caleo 37 LED 100 twin R
Metz,Linus 37 LED 100 twin Z
Schaub Lorenz,SL 46-5 LED-100
Schaub Lorenz,SL 55-5 LED-100
Metz,Primus 42 LED 200 twin R
Metz,Linus 32 LED 100 twin Z
Metz,Linus 42 LED 100 twin Z
Metz,Caleo 47 LED 100 twin R
SAMSUNG ELECTRONICS,UA55HU7000W
WINTAL,22LCD11FHD
LG,42LK455C-TA
WINTAL,42LCD11FHD
PHILIPS,32HFL3010W/12
TCL,L39F1520
TCL,L39E2000
TCL,L55F3300FS
Sphere,215FHDLEDA
TCL,L55F3500FDS
TCL,L50E5510FDS
TCL,L40E5510FDS
ONIX,ON3200DV
ONIX,ON2200DV
LG,55LA6910-TB
LG,42LA6910-TB
KOGAN,KALED473DSMTZA
SAMSUNG ELECTRONICS,UA65F9000AM
RANK ARENA,SV-1501SDVD
Palsonic,TFTV608LED
Kogan,KALED24DVDVB
LG,32LT650H-TA
Changhong,LED32C2100
GVA,GVALEDJ15
Changhong,LED50C2000
Changhong,LED28C2000
LG,55EA8800-TF
Changhong,LED32C2000
Changhong,3D55B4500i
PHILIPS,47HFL7007D/10
Skyworth,50E58
PHILIPS,26HFL3008W/12
PHILIPS,26HFL3008D/12
PHILIPS,32HFL3008D/12
PHILIPS,39HFL3008D/12
PHILIPS,42HFL7007D/10
TCL,L32E3020
GVA,GVAFLED22J
Kogan,KGN1080P32VBA
Kogan,LC-32A58
Kogan,LC-32A50
Kogan,LC32A40
HISENSE,HLUD84XT900
PHILIPS,40HFL5008D/12
PHILIPS,26HFL5008D/12
PHILIPS,32HFL5008D/12
SONIQ,E40W13C-AU
HISENSE,HL39K360PZL3D
PHILIPS,55HFL5007D/10
HISENSE,HL39K160PL
LG,47LN549E-TA
SAMSUNG ELECTRONICS,UA65ES8000MXXY
SAMSUNG ELECTRONICS,PS64F8500AM
SAMSUNG ELECTRONICS,UA50EH6000MXXY
SAMSUNG ELECTRONICS,UA60EH6000MXXY
SAMSUNG ELECTRONICS,UA55EH6000MXXY
SAMSUNG ELECTRONICS,UA55EH6000MXRD
SAMSUNG ELECTRONICS,UA32ES6200MXXY
SAMSUNG ELECTRONICS,PS64E8000GMXXY
SAMSUNG ELECTRONICS,PS60E8000GM
BAUHN,ATV-50FHD3 
Skyworth,58E38A
Skyworth,58E38
Dick Smith,GE6875
Blaupunkt,BP4820FHD
SAMSUNG ELECTRONICS,UA46F7100AM
SAMSUNG ELECTRONICS,UA55F6100AM
Changhong,LED50B2500ic
Changhong,LED39B2500ic
SAMSUNG ELECTRONICS,UA19F4000AM
SAMSUNG ELECTRONICS,UA32F6100AM
SAMSUNG ELECTRONICS,UA55F8000AM
SAMSUNG ELECTRONICS,UA55F6800AM
SAMSUNG ELECTRONICS,UA50F6800AM
SAMSUNG ELECTRONICS,UA46F7500BM
SAMSUNG ELECTRONICS,UA46F6400AM
RANK ARENA,SV-15J2SE
TCL,L50E3000FS
TEAC,LE5091FHD
Palsonic,TFTV4055FL
Palsonic,TFTV4055M
TCL,U40E5800FS
Palsonic,TFTV3925FL
TCL,U65E5691FDS
TCL,L55S4690FS
TCL,L55S4610FS
LG,65UC970T-TA
Tecovision,LED32BHRLDBD
SONIQ,P50E11A-AU
Skyworth,42E66A
SAMSUNG ELECTRONICS,HG40AC690DW
AKAI,AK40LE 
SAMSUNG ELECTRONICS,UA48HU8500W
LG,60LM9600-TA
LG,22MT55D
HISENSE,40D50P
Changhong,LED29A6500*
LG,37LD320H-TB
LG,26LT640H-TA
Metz,Linus 37 LED 200 Media twin Z
Philips,50PFL5008D/79
LG,50PA4500-TM
LG,26LT360C-TA
Panasonic,TH-60CS610A
LG,32LK335H-TB
PENDO,PNDLHDU24^
LG,47LM7600-TA
LG,50PM9700-TA
LG,79UF770V-TB
SAMSUNG ELECTRONICS,UA48H5500AW
LG,42LM6700-TA
LG,55LM6200-TA
LG,47LS5700-TB
LG,50PA6500-TF
LG,37LK455H-TA
TCL,U58E6800FDS
TCL,U65E6800FDS
LG,42LB6310-TC
HISENSE,24D33
Schaub Lorenz,SL 32-5 LED-100
Metz,Axio pro 32 LED 200 CTS2 Z
Metz,Linus 42 LED 200 Media twin Z
BAUHN,ATV-24LEC2
VISION,VS32LEDDVDP
Kogan,KGN1080PPRO32VDA
Kogan,LC-32A40(DVB-T+DVD)
Kogan,LC-32A40(DVB-T )
Kogan,LC-32A50(DVB-T+DVD)
Kogan,LC-32A58(DVB-T+DVD)
Kogan,LC-32A58(DVB-T)
Kogan,LC-32A38(DVB-T+DVD)
Kogan,LC-32A38(DVB-T)
Kogan,LC-32A62(DVB-T+DVD)
Kogan,LC-32A62(DVB-T)
SAMSUNG ELECTRONICS,UA40JU6000S
SAMSUNG ELECTRONICS,UA40JU6000W
LG,32LV355C-TA
VISION,VS47LEDP
VISION,VS47LEDPD
Kogan,KGN1080P40VDA
Kogan,LC-40A50(DVB-T )
Kogan,LC-40A50(DVB-T CI)
Kogan,LC-40A50(DVB-T+DVD)
Kogan,LC-40A31(DVB-T+DVD)
Kogan,LC-40A31(DVB-T )
Kogan,LC-40A50(DVB-T+DVD)
Kogan,LC-40XXXXX(DVB-T+DVD)
Kogan,LC-40XXXXX(DVB-T)(Where X would be any Arabian numeral or LCtter or blank)
SAMSUNG ELECTRONICS,KA55S9CAM
Kogan,KGN1080PPRO22VBA
Kogan,LC-22A78D(DVB-T)
Kogan,LC-22A78D(DVB-T+DVD)
Kogan,LC-22A50(DVB-T)
Kogan,LC-22A50(DVB-T+DVD)
Kogan,LC-22A41(DVB-T)
Kogan,LC-22A41(DVB-T+DVD)
Kogan,LC-22A40(DVB-T)
Kogan,LC-22A40(DVB-T+DVD)
Kogan,LC-22A51(DVB-T)
SONIQ,P51E12A-AU
KOGAN,KALED42XXXZA
KOGAN,KALED42XXXZA
LG,37LT650H-TA
WINTAL,13LED12HD
PHILIPS,47HFL5007D/10
Changhong,LED40C2700
Viano,LEDTV15DVD
Skyworth,32E36
Blaupunkt,BP2820HDV
SAMSUNG ELECTRONICS,HG32AD450SW
SHARP,LC-60LE640X
SHARP,LC-80LE940X
SHARP,LC-52LE840X
SHARP,LC-46LE840X
GVA,GVALED32D
SHARP,LC-40M500X
SHARP,LC-32M400X
SHARP,LC-60LE835X
SHARP,LC-52LE835X
SHARP,LC-40LE835X
SHARP,LC-32LE430X
SHARP,LC-24LE430X
SHARP,LC-32LE430X
SHARP,LC-60LE630X
SHARP,LC-46LE530X
SHARP,LC-32M400X
SHARP,LC-40M500X
SHARP,LC-52LE830X
SHARP,LC-46LE830X
SHARP,LC-40LE830X
SHARP,LC--19LE520X-BK
SHARP,LC--22LE520X-BK
SHARP,LC-40L650X
SHARP,LC-40L550X
SHARP,LC-60LE925X
SHARP,LC-32L450X
SAMSUNG ELECTRONICS,UA55ES7100MXXY
KOGAN,KALED19XXXZB
SHARP,LC-32L400X
LG,55LY750H-TA
LG,60LB5610-TC
TCL,L28D2710
TCL,L28D2700
Changhong,3D42A4000i
LG,49LF5500-TA
TCL,L23F3380
LG,47LM8600-TA
Changhong,LED40D2200
Magnavox,L22AO
RANK ARENA,RALD66COMBO
KOGAN,KALED24DVDVA
TCL,U50E5691FDS
Sphere,TS315LED
Blaupunkt,BP4020FHD
TEAC,LEV2494FHD
LG,47LY755H-TA
SAMSUNG ELECTRONICS,UA32H4500AS
GVA,GVADLED39
BAUHN,ATV-BA32DVB
BAUHN,ATV-BA32DVW
BAUHN,ATV32-715
SHARP,LC-70LE660X
SHARP,LC-60LE660X
LG,29MA73D
LG,42LF5500-TA
LG,27MT57D
LG,42LS5700-TB
LG,42LM7600-TA
SAMSUNG ELECTRONICS,UA46ES7100MXXY
Blaupunkt,BP3220HDV
KOGAN,KALED19XXXVA
Viano,LTV19DHD
TCL,L50S5600FS
TCL,L50S5610FS
TCL,L23F3300
KOGAN,KALED32XXXZB
TEAC,LEB3298FHD
LG,27MT55D
LG,55UB950T-TA
Changhong,LED43D2200
TEAC,LEV29G75HD
LG,60LB650V-TA
LG,55EA880T-TC
LG,60LB6500-TA
pangoo,LE-24S600F
pangoo,LE-24A31
Loewe,Individual 55 52403x41
LG,65UB950T-TA
HISENSE,HL55K21PZDL
HISENSE,HLUD58XT880
Sony,KD-55X8504A
BAUHN,ATV-195LEDCB
BAUHN,ATV-195LEDCW
SAMSUNG ELECTRONICS,PS60F8500AM
Panasonic,TH-65CS610A
KOGAN,KDL46MS95AD
KOGAN,KALED463D1A
SAMSUNG ELECTRONICS,UA22H5000AW
SAMSUNG ELECTRONICS,PS60E531A6MXRD
SAMSUNG ELECTRONICS,PS51E531A6MXXY
SAMSUNG ELECTRONICS,PS51E531A6MXRD
SAMSUNG ELECTRONICS,HG46AB890XW
SAMSUNG ELECTRONICS,UA65HU8500W
pangoo,LE-32S600F
pangoo,LE-32A31
GVA,GVAPLED22 
GVA,GVAPLED22C
VISION,VS22LEDDVDP3
LG,60LY340C-TA
SONIQ,KDL46MS95A
SONIQ,E46Z11A
Sony,KDL-48W700C
SAMSUNG ELECTRONICS,HG65AB890XW
BEXA,BXE4013NZ
BEXA,BXE4013AU
Changhong,LED28C1000DV
SAMSUNG ELECTRONICS,UA65F8000AM
SAMSUNG ELECTRONICS,UA60F7100AM
PHILIPS,42HFL5007D/10
Sony,KDL-65W850A
PHILIPS,24HFL3008D/12
PHILIPS,24HFL3008W/12
PHILIPS,47HFL7008D/12
PHILIPS,42HFL7008D/12
PHILIPS,55HFL5008D/12
PHILIPS,46HFL5008D/12
INSIDE,MI-1330
LG,55LY751H-TA
KOGAN,KALED32SMTZA
LG,79UB980T-TA
LG,65LF631V-TB
JVC,LT-48N530A
CHANGHONG,P50M100TD
Changhong,LED19C1000
JVC,LT-55N730A
CHANGHONG,P42M100TD
CHANGHONG,P42M100TA
CHANGHONG,P42M100TB
CHANGHONG,P42M100TD-NC
SAMSUNG ELECTRONICS,UA60F6100AM
LG,55EA8800-TC
SAMSUNG ELECTRONICS,UA55F8500AM
NEONIQ,N5018C
CONIA,CE4001FHDR
SAMSUNG ELECTRONICS,UA55F7100AM
SAMSUNG ELECTRONICS,PS51F8500AM
Changhong,LED24C1000
CHANGHONG,L55M300**
Changhong,LED22C1000
JVC,LT-24ND33A
SAMSUNG ELECTRONICS,PS51F4500AM
SAMSUNG ELECTRONICS,UA28F4000AM
SAMSUNG ELECTRONICS,UA75F6400AM
SAMSUNG ELECTRONICS,UA65F6400AM
SAMSUNG ELECTRONICS,UA50F6300AM
SAMSUNG ELECTRONICS,UA46F6100AM
SAMSUNG ELECTRONICS,UA40F6800AM
SAMSUNG ELECTRONICS,UA40F6100AM
SAMSUNG ELECTRONICS,UA60F6400AM
SHARP,LC-32LE355X
SAMSUNG ELECTRONICS,UA55F7500BM
LG,55LB6310-TC
SAMSUNG ELECTRONICS,UA55F6300AM
SAMSUNG ELECTRONICS,UA75F8000AM
SAMSUNG ELECTRONICS,UA50F6700AM
SAMSUNG ELECTRONICS,UA50F6400AM
SAMSUNG ELECTRONICS,UA50F5500AM
LG,47LB6310-TC
SAMSUNG ELECTRONICS,UA50F5000AM
LG,42LV3300-TG
SAMSUNG ELECTRONICS,UA46F6700AM
JVC,LT-40N530A
senzu,SU40SE-W13AAU
senzu,SU40SE-W13ANZ
BAUHN,ATV-24LEC3
TCL,L32F3520S
SHARP,LC-32LE355X
TEAC,LE3990FHD
KOGAN,KALED16XXXVA
LG,50PB6600-TE
HISENSE,HL58K330PZL
VERA,NM020-34LED
VERA,NM020-34LED-SB
Medion,MD 30727AUS-A
TCL,L28B2500
TCL,L48B2600F
LG,47LB5820-TB
SAMSUNG ELECTRONICS,HG32AC690DW
LG,42LB6700-TA
SAMSUNG ELECTRONICS,UA40F6400AM
LG,42LY751H-TA
SAMSUNG ELECTRONICS,UA40F6300AM
LG,50PB560B-TA
SAMSUNG ELECTRONICS,UA40F5500AM
SAMSUNG ELECTRONICS,UA40F5300AM
SAMSUNG ELECTRONICS,UA32F6400AM
SAMSUNG ELECTRONICS,UA32F5500AM
BAUHN,ATV-55FHDED
SAMSUNG ELECTRONICS,UA32F5300AM
SAMSUNG ELECTRONICS,PS64F5000AM
SAMSUNG ELECTRONICS,PS60F5000AM
SAMSUNG ELECTRONICS,PS51F5500AM
Dick Smith,GE7104
SAMSUNG ELECTRONICS,UA32EH4003MXRD
WINTAL,19LED14HD
SAMSUNG ELECTRONICS,UA50ES6200M
LG,32LB5610-TC
LG,28MT45D
LG,24MT45D
SAMSUNG ELECTRONICS,UA55H6500AN
Sphere,TS236LED
LG,55EA9700-TA
SAMSUNG ELECTRONICS,HG48AC460KW
SAMSUNG ELECTRONICS,UA75ES9000MXXY
KOGAN,KALED42XXXZC
TCL,L39B2600
TEAC,LET3996FHD
LG,32LB5820-TB
SONIQ,E55V13A-AU
SAMSUNG ELECTRONICS,HG40AC460KW
Sphere,236FHDLEDA
Dick Smith,GE7101
LG,29MT45D
LG,24MT55D
SAMSUNG ELECTRONICS,UA60H6400AW 
SAMSUNG ELECTRONICS,UA65H6400AW 
TCL,U75H9510FDS
Sphere,TS195LED
LG,47LB5610-TC
VERA,NM020-47LED
Sony,KDL-65W850C
BAUHN,ATV-BA15DVC
LG,60LM6450-TA
LG,M2232D
SHARP,LC-60LE940X
LG,M2431D
LG,M2752D
Metz,Axio pro 26 LED Media Z
LG,M2452D
LG,M2252D
HISENSE,HL65K560PZLN3D
HISENSE,HL55XT710PZLN3D
LG,32LK457C-TA
LG,32LT640H-TA
LG,42LM6400-TA
HISENSE,HL39V78P
HISENSE,HL39K300PL
HISENSE,HL42K300PL
LG,47LM6400-TA
FIRETAIL,LE-2230DVD
LG,37LT360C-TA
LG,32LM3400-TB
Digitel+,ET22SA6DA
Digitel+,ET16SA6DA
Digitel+,LT32S16DA
LG,55LM9600-TA
LG,60PM9700-TA
LG,60PM6900-TE
LG,50PM6900-TE
LG,32CS460-TA
LG,26CS460-TA
LG,42PM4700-TA
LG,55LM8600-TA
LG,60PM6700-TD
CHANGHONG,E19M750**
LG,50PM6700-TD
LG,42PA4500-TF
LG,50PA4500-TF
LG,60PA6500-TF
LG,42LM5800-TC
CHANGHONG,E22M750**
TCL,U50E5800FS
SAMSUNG ELECTRONICS,UA32J5500AW
SAMSUNG ELECTRONICS,UA48JU7000W
PHILIPS,32HFL5010T/12
PHILIPS,40HFL3010T/12
LG,49LB5510-TC
LG,32LY540H-TA
KOGAN,KALED28XXXZA
Panasonic,TH-50CX740A
Panasonic,TH-50CX700A
LG,60PB6600-TE
LG,32LB563B-TD
PHILIPS,55PUT6800/79
LG,22LS3500-TB
LG,42CS460-TA
LG,72LM9500-TA
LG,55LY540H-TA
Viano,LEDTV15HD
PHILIPS,42HFL3008D/12
TCL,U55E5691FDS
LG,47LY750H-TA
LG,26LS3500-TB
LG,42LY750H-TA
SAMSUNG ELECTRONICS,UA22ES5000M
LG,55LB5610-TC
LG,50LB5610-TC
TEAC,LEB4098FHD
Skyworth,32E66A
SONY,KD-65X9000B
LG,47LY340C-TA
HISENSE,50K20P
BEXA,24LE02
BEXA,BXE2413AU
LG,42LY340C-TA
SONIQ,E40W13A-AU
SAMSUNG ELECTRONICS,HG48AD890UK
Dick Smith,GE6872
JVC,LT-24ND34Z
LG,42LB5510-TC
KOGAN,KALED19DVDZB
SAMSUNG ELECTRONICS,PA60H5000AW
LG,32LY340C-TA
Viano,LTV32HD
SAMSUNG ELECTRONICS,UA32H5500AW
LG,65LB7500-TE
SAMSUNG ELECTRONICS,UA40H5500AW
LG,32LB6500-TH
LG,55LB6700-TA
BAUHN,ATV-50FHD5
KOGAN,KALED24DVDZA
SAMSUNG ELECTRONICS,HG40AC670CW
SAMSUNG ELECTRONICS,HG32AC670AW
LG,70LB6560-TA
LG,55LF5500-TA
SAMSUNG ELECTRONICS,HG48AC670CW
SHARP,LC-70LE735X
SHARP,LC-32LE345X
Dick Smith,GE6930
RV Media,041740
TCL,L32B2600
JVC,LT-39N530Z
TCL,L40E3000F
Loewe,Individual 46 52402x41
RV Media,041738
VISION,VS32LEDDVDP2
LG,50UF830T-TA
LG,55EA970T-TA
SAMSUNG ELECTRONICS,HG32AC470GW
LG,55LB5820-TB
CONIA,CE4001FHDR
SAMSUNG ELECTRONICS,UA55H6400AW
GVA,G32TV15
SAMSUNG ELECTRONICS,UA32H6400AW
Changhong,LED22D1080DVW
KOGAN,KALED28DVDZA
SAMSUNG ELECTRONICS,UA60H6300AW 
SAMSUNG ELECTRONICS,UA32H6300AW
TEAC,LET3296HD
LG,55UF770T-TA
Palsonic,TFTV4355FL
SONIQ,E55S14A-AU
LG,42LX330C-TA
SAMSUNG ELECTRONICS,UA55H6300AW
LG,50LB6700-TA
LG,47LB7500-TE
Changhong,LED39C1000DV
TCL,L19T3510
HISENSE,40K20P
SAMSUNG ELECTRONICS,UA75H7000AW
TCL,L32B2610
SHARP,LC-90LE760X
RV Media,041739
LG,49UB850T-TA
JVC,LT-24ND33Z
LG,32LY750H-TA
GVA,GVAFLED32
KOGAN,KALED40XXXZA
LG,22MT45D
TCL,L23F3300V
TEAC,LET5096FHD
LG,55LY340C-TA
SAMSUNG ELECTRONICS,UA65H8000AW
TCL,L40B3800F
TCL,L40B2800F
TCL,L40B3700F
LG,32LB551B-TC
Viano,LEDTV47FHD3D
Philips,42PFL5008D/79
LG,50LB650V-TA
LG,84UB980T-TA
HISENSE,40K390PA
HISENSE,39K370
HISENSE,32D33
GVA,G22TV15
GVA,G22TDC15
TEAC,LES4272F3D
SAMSUNG ELECTRONICS,UA48H6500AN
HISENSE,50K370PG
SAMSUNG ELECTRONICS,UA55H8000AW
SAMSUNG ELECTRONICS,UA55HU9000W
KOGAN,KALED423DSMTZA
SHARP,LC-40LE265X-WH
SHARP,LC-40LE265X
HISENSE,50K390PAD
LG,50PA6500-TM
SAMSUNG ELECTRONICS,UA65HU8700W
LG,65UB980T-TA
LG,65LB5840-TA
JVC,LT-20N330Z
SAMSUNG ELECTRONICS,UA55HU8700W
LG,55LN549E-TA
SAMSUNG ELECTRONICS,UA40ES6200MXXY
SAMSUNG ELECTRONICS,UA32EH4000MXXY
SAMSUNG ELECTRONICS,UA19ES4000MXXY
SAMSUNG ELECTRONICS,PS64E550D1MXXY
Sphere,TS215LED
SAMSUNG ELECTRONICS,PA51H5000AW
SAMSUNG ELECTRONICS,UA24J4100AW
SAMSUNG ELECTRONICS,UA28J4100AW
HISENSE,HL50C10P
HISENSE,HL50K300PL
HISENSE,HL32K3163D
KOGAN,KALED32DVDZC
LG,60LB7500-TE
LG,55LB650V-TA
TEAC,LET6596FHD
TCL,U55H8800CDS
Changhong,3D55A7000i
Changhong,E24M755DV
SAMSUNG ELECTRONICS,UA32J4100AW
SONIQ,E55Z11A
SAMSUNG ELECTRONICS,HG48AC690DW
SAMSUNG ELECTRONICS,UA60ES8000MXXY
SAMSUNG ELECTRONICS,UA60ES6500MXXY
SAMSUNG ELECTRONICS,UA55ES6200MXXY
SAMSUNG ELECTRONICS,UA50H5000AW
TCL,L50E3800FS
TCL,L50S4700FS
SAMSUNG ELECTRONICS,UA50J5100AW
Changhong,LED42A6500i*
LG,22LT360C-TA
HISENSE,HL32K300L
LG,60PA6500-TM
LG,42PA4500-TM
LG,55LS5700-TB
KOGAN,KALED503DZA
VEON,V55FHD
KOGAN,KALED553DXZB
LG,42LX530S-TA
KOGAN,KALED32XXXZA
TEAC,LEV3292HD
TEAC,LEV2292FHD
Philips,32PHH5129/79
SAMSUNG ELECTRONICS,UA50HU7000W
SAMSUNG ELECTRONICS,UA40H5000AW
WINTAL,15LED14HD
SAMSUNG ELECTRONICS,UA85HU8500W
SAMSUNG ELECTRONICS,UA40H5303AW
Sony,KD-49X8300C
SAMSUNG ELECTRONICS,UA32H5000AW
HISENSE,65T810UAD
SAMSUNG ELECTRONICS,UA58H5200AW
KOGAN,KALED40XXXTB
SAMSUNG ELECTRONICS,UA75JU6400W
HISENSE,60K390PAG
LG,55EC930T-TA
LG,49UB820T-TH
Kogan,KALED28DVDVA
LG,55UB820T-TH
HISENSE,55K370PG
SHARP,LC-32LE155X
KOGAN,KALED40XXXZB
HISENSE,75T910UAD
SAMSUNG ELECTRONICS,UA55JS9000W
LG,47LY751H-TA
LG,32LY751H-TA
LG,42UB820T-TH
LG,42LY541H-TA
Sony,KDL-48W600B
BAUHN,ATV-40FHDED
VEON,V39FHDC
Changhong,LED40D1050DV
TCL,U65E5800FS
Sony,KDL-50W670A
SAMSUNG ELECTRONICS,PS64F8500AM
JVC,LT-40N530AA
Palsonic,TFTV5025FL
SAMSUNG ELECTRONICS,PS60F8500AM
SONY,KD-65X8500B
Sony,KDL-40W600B
Tecovision,LED22BFRWHBD
LG,43LX310C-TA
Sony,KDL-55W950B
Tecovision,LED19DHRBJBD
Audiosonic,TD2401
Palsonic,TFTV5825FL
Tecovision,LED22DFRBJBD
Tecovision,LED19DHRDBJBD
LG,32LX330C-TA
Sony,KDL-32R420B
Panasonic,TH-24A400A
SONY,KD-65X9500B
PHILIPS,42HFL7108D/12
Sony,KDL-55W800B
Sony,KDL-42W700B
Sony,KD-65X9300C
Seiki,SE22RSD01AUR
PHILIPS,47HFL7108D/12
SONY,KD-49X8500B
SONY,KD-55X8500B
SAMSUNG ELECTRONICS,UA78JS9500W
Changhong,LED40D1000
TCL,L42B3700F
Changhong,LED65C5500I
TCL,L40D2710F
TCL,L40D2700F
TCL,L50B2800F
SONY,KD-85X9500B
Sony,KD-65X8504A
KOGAN,KALED50XXXTA
Changhong,LED49D1000
Sony,KD-55X8500C
Bang & Olufsen,BeoVision Avant 55
TEAC,LET5596FHD
Bang & Olufsen,BeoVision Avant 85
TCL,U85H9500FDS
SHARP,LC-40LE460X
Hitachi,VC325000
Changhong,LED32C2100DV
Palsonic,TFTV806LED
Millennius,MLED65F03D3DS
Philips,50PFT6509/79
VEON,SRO9110
SONIQ,E40V14B-AU
Skyworth,39E36
TEAC,LEV48A1FHD
LG,49UF850T-TB
SAMSUNG ELECTRONICS,UA55HU7200W
SHARP,LC-32LE360X
Changhong,LED24D1000
LG,43LF6300-TA
LG,43LF5400-TB
Tecovision,LED24BFRDWHBD
WINTAL,7LED14HD
LG,60LF5600-TB
LG,60LF6300-TA
BAUHN,ATV-BA32DV2
LG,55LF6300-TA
LG,65UX340C-TA
HITACHI,VZ325000
TEAC,LES6572F3D
SONIQ,E40V14C-NZ
SONIQ,E40V14C-AU
SAMSUNG ELECTRONICS,UA48H5003AW
Panasonic,TH-42AS640A
Panasonic,TH-60AS800A
Panasonic,TH-60AS740A
Panasonic,TH-60AS700A
Panasonic,TH-55AS700A
Panasonic,TH-60A430A
Panasonic,TH-65AX800A
sunview,SA32ADEHDP
Panasonic,TH-L65WT600A
Panasonic,TH-L47WT60A
TOSHIBA,58L7300A
Panasonic,TH-32AS610A
Panasonic,TH-L55WT60A
Palsonic,TFTV4225FL
RV Media,041969
LG,55UX340C-TA
TEAC,LE5850FHD
TOSHIBA,50L7300A
TEAC,LEV3294HD
Palsonic,TFTV8055M
HISENSE,65K680UAD
PHILIPS,32HFL3010T/12
JVC,LT-32ND33A
Sony,KD-65X8500C
Seiki,SE65FS001AU
Dick Smith,GE7102
Dick Smith,GE7100
Dick Smith,GE6845
Dick Smith,GE6840
Dick Smith,GE6839
Dick Smith,GE6833
Dick Smith,GE6817
dick smith,GE6605
dick smith,GE6607
dick smith,GE6608
dick smith,GE4209
JVC,LT-50N530A
JVC,LT-40ND54A
Seiki,SE32HS001AU
Dick Smith,GE7103
PHILIPS,40HFL3009D/12
Palsonic,TFTV8070MW
Palsonic,TFTV578LED
Skyworth,42E38
VEON,SRO9106
VEON,SRO9107
Palsonic,TFTV804LED
Palsonic,TFTV478LED
KOGAN,KALED40XXXTA 
Viano,LEDTV48FHD
RV Media,042307
Dick Smith,GE6823
Medion,MD30678 AUS-A
SAMSUNG ELECTRONICS,UA78JU7500W
Skyworth,32E57
LG,42LY960H-TA
HITACHI,VZ405000
HITACHI,VC405000
Blaupunkt,BPV2415FHDW
Changhong,LED50C5000
SHARP,LC-32LE265X-WH
SHARP,LC-32LE265X
SAMSUNG ELECTRONICS,UA105S9WAW
Skyworth,32E360
PHILIPS,42HFL5107H/10
Palsonic,TFTV3920M
Palsonic,TFTV3920MW
Changhong,LED42C5000
BAUHN,ATV50-014
HITACHI,VZ505000
Palsonic,TFTV501UHD
LG,M2631D
LG,32LH220H-TA
HISENSE,HLUD65XT880
SAMSUNG ELECTRONICS,UA55JS8000W
Tecovision,LED32AFRLLBB
Palsonic,TFTV6085M
Palsonic,TFTV6085MW
HITACHI,DF4000
HITACHI,DF4000DV
HITACHI,DH3200
HITACHI,DH3200DV
SAMSUNG ELECTRONICS,UA60JU7000W
WINTAL,50LED15FHD
Tecovision,LED50AFRWKBD
LG,65UB930T-TA
Tecovision,LED32CHRWHBD
Tecovision,LED32CHRDWHBD
Tecovision,LED22BFRDWHBD
Tecovision,LED19BHRDWHBD
Loewe,Art 50 52436x85
Tecovision,LED19BHRWHBD
Loewe,Connect ID 46 DR+ 52464x44
SAMSUNG ELECTRONICS,HG32AD470SW
Loewe,Connect ID 40 DR+ 52463x44
LG,55LY755H-TA
SENZU,SU48SE-V14ANZ
SENZU,SU48SE-V14AAU
BEXA,BXE4814NZ
BEXA,BXE4814AU
SONIQ,S48V14A-NZ
SONIQ,S48V14A-AU
HISENSE,55K680UAD
PHILIPS,28HFL3009D/12
GVA,GVA18LEDC
TCL,U55E6700FDS-AU
TCL,U55E6700FDS
HISENSE,32K220W
Palsonic,TFTV4855FL
LG,43UF690T-TC
JVC,LT55N935A
HISENSE,40K220PW
Blaupunkt,BPV3215HDW
GVA,GVADLED32C-1
JVC,LT-32ND33Z
SONY,KD-79X9000B
SONY,KD-55X9000B
Seiki,SE65KS001AU
BAUHN,ATVS55-315
SONIQ,E42S14A-AU
Palsonic,TFTV700HL
Sony,KDL-50W700B
Philips,50PFH5129/79
Sony,KDL-50W800B
PHILIPS,55HFL5009D/12
Changhong,LED32D1000
Seiki,SE55KS001AU
KOGAN,KALED55UHDZC
VEON,V28DHD
BAUHN,ATV50F-415
PHILIPS,40HFL5009D/12
Philips,42PFT6509/79
HITACHI,VZ325100
FIRETAIL,LE-2416
SONIQ,S42V14A-AU
SONIQ,S42V14A-NZ
Loewe,Art 60 52437x85
KOGAN,KALED55UHDZB
KOGAN,KALED32XXXZC
TCL,L65E5510FDS-AU
Panasonic,TH-55AX670A
SONIQ,E42V14A-AU
SONIQ,E42V14A-NZ
LG,40UB800T-TB
Changhong,LED55C5000
HITACHI,VZ656100
KOGAN,KALED19DVDZA
TEAC,LEV24GD3FHD
TEAC,L236M8NTH4U
TEAC,L236G1NTF4U
TEAC,L236G1NTH4U
TEAC,L236M8DTF4U
TEAC,L236M8DTH4U
TEAC,L236G1DTF4U
TEAC,L236G1DTH4U
TEAC,L236M8NTF4U
Sony,KD-75X8500C
TEAC,LEV3994FHD
VEON,V48FHD
Palsonic,TFTV4955M
SAMSUNG ELECTRONICS,UA48H4200AW
HISENSE,42K320UW
Viano,LED22DFHD
SONIQ,S49VT15A-AU
SONIQ,S49V15A-AU
SONIQ,S49V15A-NZ
SONIQ,S49VT15A-NZ
Changhong,3D42B4500i
SHARP,LC-70LE360X
SHARP, 
SHARP,LC-60LE360X
SHARP,LC-40LE360X
SHARP,LC-80LE960X
SHARP,LC-39LE155X
Skyworth,50E36
Skyworth,40E360
PHILIPS,47HFL7009D/12
SONIQ,E49W13A-AU
SONIQ,E49W13A-NZ
KOGAN,KALED423DSMTZB
GVA,GVA15GLED
KOGAN,KALED19XXXZC
ONIX,ON4000DV
Palsonic,TFTV4227FL
NEONIQ,N3218CDVD
TEAC,LEV40GD3FHD
LG,55UF770V-TA
PHILIPS,32HFL5009D/12
PHILIPS,28HFL5009D/12
Dick Smith,GE6841
Dick Smith,GE6842
Dick Smith,GE6843
Dick Smith,GE6844
KOGAN,KALED19DVDVB 
PHILIPS,42HFL7009D/12
GVA,GVA39FHD
Loewe,Connect ID 55 DR+ 52465x44
SAMSUNG ELECTRONICS,UA55J6200AW
BEXA,BXE2313AU
BEXA,BXE2313NZ
LG,105UC9T-TA
GVA,GVA32HD1
AKAI,AK40FLEDC
Panasonic,TH-65AX900A
Changhong,LED32D1050
Panasonic,TH-85X940A
WINTAL,42LED15FHD
SAMSUNG ELECTRONICS,LH40EBDWLGU/XY
BAUHN,ATV40-014
AKAI,AK24FLEDC
Philips,55PFT6609/79
KOGAN,KALED32SMTZB
KOGAN,KALED16DVDZA
Sphere,185HDLEDA
SAMSUNG ELECTRONICS,LH48EBDWLGU/XY
Kogan,KALED19DVDVA
HITACHI,DF3200DV
LG,60UB820T-TH
LG,65EC970T-TA
LG,42LB650V-TA
HITACHI,DF2200
HITACHI,DF2200DV
JVC,LT-32N330A
Changhong,LED50C2000B
Dick Smith,GE6933
TEAC,LES5572F3D
LG,60UB850T-TA
DSE,GE6868
LG,42LB5820-TB
KOGAN,KALED55SMTZA
KOGAN,KALED50XXXZA
GVA,GVA22GLED
GVA,GVA22GLEDC
Philips,58PUT8509/79
KOGAN,KALED32XXXVA
SONIQ,S32V14A-AU
SONIQ,S32V14A-NZ
Philips,65PUT8609/79
LG,47LY960H-TA
LG,60LY960H-TA
LG,32LN549E-TA
PHILIPS,32HFL3009D/12
PHILIPS,32HFL3009W/12
Dick Smith,GE6870
SHARP,LC-40LE660X
Tecovision,LED22DFRDBJBD
Skyworth,42E510
TCL,L50E3020FS
SAMSUNG ELECTRONICS,UA65HU9000W
TCL,L39B2610
Tecovision,LED32BHRDLDBD
Sony,KDL-60W600B
SONIQ, E55W13A-AU
SONIQ, E55W13A-NZ
KOGAN,KALED65UHDZA
KOGAN,KALED42SMTZA
WINTAL,32LED15HD
BEXA,BXE3213AU
BEXA,BXE3213NZ
BEXA,LED63207-L1M1A
Hitachi,LE70EC04AUD
Changhong,LED32D1050DV
LG,43UF770V-TA
Blaupunkt,BP2212MHDV
Dick Smith,GE6880
Loewe,Individual 40 52401x41
Philips,65PFT6909/79
LG,98UB980T-TB
SAMSUNG ELECTRONICS,LH48RMDWLGU/XY
PHILIPS,24HFL3009W/12
PHILIPS,24HFL3009D/12
LG,84LM9600-TA
Seiki,SE55FS001AU
JVC,LT-55N540Z
Palsonic,TFTV5585MW
Palsonic,TFTV5585M
Seiki,SE40FS001AU
GVA,GVADLED32C
senzu,SU32SE-W13AAU
senzu,SU32SE-W13ANZ
PHILIPS,22HFL3008D/12
LG,24MT47D
Seiki,SE24FSD01AU
Changhong,LED24C1000DV
HISENSE,32K370
SAMSUNG ELECTRONICS,UA40JU6400W
SHARP,LC-50LE460X
LG,22LY330C-TA
Millennius,MLED84B02D
LG,77EG970T-TA
RANK ARENA,SV-2101SDVD
LG,28LY330C-TA
LG,22LT650H-TA
HISENSE,HL65XT780PZLN3D
HISENSE,55K20PG
PHILIPS,48HFL5009D/12
Panasonic,TH-50A430A
Sony,KDL-55W800C
HITACHI,VC326000
SHARP,LC-70LE650X
SONIQ,E48W13A-AU
SONIQ,E48W13A-NZ
LG,60LX341C-TA
LG,60LF631V-TB
Dick Smith,GE6878
SONIQ,E32W13D-AU
SONIQ,E32W13D-NZ
LG,70UF770V-TA
Blaupunkt,BP5040UHD
Panasonic,TH-L60DT60A
HITACHI,VZ506000
GVA,GVAPLED19
GVA,GVAPLEDC19
KOGAN,KALED42UHDZA
LG,40LF631V-TB
Blaupunkt,BP5020FHD
TCL,L26E4100B
TCL,L26E4100W
TCL,L26E4100G
TCL,L26E4100P
LG,55EA9800-TA
KOGAN,KALED24XXXZC
LG,49LF631V-TB
KOGAN,KALED24DVDZC
LG,55LF631V-TB
HITACHI,VZ604000
LG,55UF950T-TA
SHARP,LC-55LE460X
Sphere,TS236LEDA
SONIQ,E40W13A-NZ
SONIQ,E32W13A-NZ
Changhong,LED32D1080DVW
JVC,LT-32N350A
Orion,32MT6000
LG,55LY960H-TA
LG,32LY541H-TA
Sony,KDL-40R550C
KOGAN,KALED28DVDZB
SAMSUNG ELECTRONICS,UA48JU7500W
Sony,KDL-50W800C
Panasonic,TH-40A400A
LG,55UF850T-TB
HITACHI,VC245000
HITACHI,DF2400DV
SONIQ,E32W13A-AU
Philips,42PFH5129/79
SAMSUNG ELECTRONICS,UA40H6400AW
LG,65UF850T-TB
KOGAN,KALED55XXXZA
Blaupunkt,BP2220FHD
KOGAN,KALED32DVDVA
SAMSUNG ELECTRONICS,LH40RMDWLGU/XY
LG,79UG880T-TA
KOGAN,KALED553DSMTZB
sunview,SA28ADEHDP
LG,28LN4500
KOGAN,KALED24XXXVB
LG,28MN30D
SONIQ,U42V14B-NZ
SONIQ,U42V14B-AU
Palsonic,TFTV5555M
TEAC,LEV40A1FHD
LG,50LB5820-TB
Changhong,LED32C2100S
BAUHN,ATV32H-014
SONIQ,S40V14A-NZ
SONIQ,S40V14A-AU
Palsonic,TFTV6055MW
Palsonic,TFTV6055M
Changhong,LED55C2000B
HITACHI,VC406000
Dick Smith,GE6932
Dick Smith,GE6877
SONIQ,U58V14A-NZ
SONIQ,U58V14A-AU
JVC,LT-55N547A
SAMSUNG ELECTRONICS,UA48H6800AW
SAMSUNG ELECTRONICS,UA48H6800AS
HISENSE,50K320UW
LG,55LM6410-TB
Blaupunkt,BP3940FHDV
LG,55LM6700-TA
Changhong,LED55C2000A
Changhong,LED55C2000
Sphere,TS195LEDA
Sony,KDL-75W850C
LG,55LB6500-TH
WINTAL,24LED14FHD
Dick Smith,GE6987
Sony,KDL-65W950B
Blaupunkt,BP3941FHD
SAMSUNG ELECTRONICS,HG40AD670CW
KOGAN,KALED553DSMTZA
Tandy,GE6922
Tandy,GE6923
KOGAN,KALED32GFCA
Sony,KDL-43W800C
KOGAN,KALED423DXZA
LG,60UF850T-TB
SAMSUNG ELECTRONICS,UA32H4000AW
Panasonic,TH-55CS610A
LG,65UF950T-TA
Panasonic,TH-40CS610A
VISION,VS32LEDDVDPZ
KOGAN,KALED55XXXZB
Palsonic,TFTV8075MW
Palsonic,TFTV8075M
Panasonic,TH-50CS650A
Panasonic,TH-40CS650A
Viano,LEDTV49FHD
LG,32LF6300-TA
VISION,VS26LEDDVDP
Panasonic,TH-55CS650A
LG,55LB7500-TE
SAMSUNG ELECTRONICS,UA40J5100AW
Panasonic,TH-50CS610A
LG,22MT57D
BAUHN,ATV185-014
JVC,LT-32ND35A
Panasonic,TH-40C400A
BEXA,BXE5013AU
SAMSUNG ELECTRONICS,HG32AD670AW
JVC,LT-50N550A
Panasonic,TH-32C400A
JVC,LT-40N550A
SAMSUNG ELECTRONICS,UA85JU7000W
Blaupunkt,BP5520FHD
AKAI,AK32LEDC
Bang & Olufsen,BeoVision Avant 75
Blaupunkt,BP4021FHDV
LG,49UF770T-TA
LG,49LF6300-TA
LG,65LF6300-TA
SAMSUNG ELECTRONICS,HG40AD470BW
SAMSUNG ELECTRONICS,HG40AD450BW
LG,32LF550B-TA
LG,32LF560B-TB
SAMSUNG ELECTRONICS,HG48AD670CW
LG,60UF770T-TA
LG,65UG870T-TA
LG,49LX341C-TA
JVC,LT-48N540P
Skyworth,32E3000
KOGAN,KALED24XXXVA
LG,55LX341C-TA
Panasonic,TH-60CX700A
PHILIPS,24HFL3010T/12
SAMSUNG ELECTRONICS,UA40J5500AW
SONIQ,U55TX14A-NZ
SONIQ,U55TX14A-AU
SAMSUNG ELECTRONICS,UA50JU7000W
VEON,SRO9104
SAMSUNG ELECTRONICS,UA48JU6000S
SAMSUNG ELECTRONICS,UA48JU6000W
SAMSUNG ELECTRONICS,UA60J6200AW
Dick Smith,GE6982
SAMSUNG ELECTRONICS,UA65JS8000W
Loewe,Art 40 52435x85
SONIQ,E32W13B-AU
SAMSUNG ELECTRONICS,UA48H6300AW
LG,42LB5610-TC
SAMSUNG ELECTRONICS,UA55H7000AW
SAMSUNG ELECTRONICS,UA48H5000AW
Sony,KDL-42W800B
SAMSUNG ELECTRONICS,UA48H6400AW
HISENSE,40K370P
LG,40LF6300-TA
VEON,SRO9108
SAMSUNG ELECTRONICS,UA65JU6600W
TEAC,LEV2294FHD
PENDO,PNDLHDU18
SAMSUNG ELECTRONICS,UA65JS9500W
LG,42LB6500-TH
Panasonic,TH-42AS700A
HISENSE,55K390PAD
Panasonic,TH-50AS640A
Panasonic,TH-50AS700A
SONIQ,E40V14A-AU
SONIQ,E40V14A-NZ
SONIQ,E40V14A-AU
SONIQ,E40V14A-NZ
SONIQ,E47S14A-AU
SAMSUNG ELECTRONICS,UA65JU7000W
SAMSUNG ELECTRONICS,UA60JU6400W
Viano,LEDTV60FHD
SONIQ,S55V14B-AU
SONIQ,S55V14B-NZ
Panasonic,TH-32A400A
Panasonic,TH-42A400A
Panasonic,TH-55AS670A
LG,49UF770V-TA
Panasonic,TH-55AS740A
Panasonic,TH-55AS800A
Panasonic,TH-58AX800A
Panasonic,TH-60AS640A
SAMSUNG ELECTRONICS,UA40H6300AW
SAMSUNG ELECTRONICS,UA55H6800AW
SAMSUNG ELECTRONICS,UA55H6800AS
SAMSUNG ELECTRONICS,UA55H6800
SAMSUNG ELECTRONICS,UA55HU8500W
LG,79UF950T-TA
SAMSUNG ELECTRONICS,UA60H7000AW
LG,70UF770T-TA
Teco,LED22EFRTBBF
SAMSUNG ELECTRONICS,UA48JU6600W
SAMSUNG ELECTRONICS,UA65HU7200W
SAMSUNG ELECTRONICS,UA75H6400AW
SAMSUNG ELECTRONICS,UA40J6200AW
LG,65EG960T-TA
SAMSUNG ELECTRONICS,UA65JU7500W
SAMSUNG ELECTRONICS,UA50JU6400W
SAMSUNG ELECTRONICS,UA75JU7000W
SAMSUNG ELECTRONICS,UA65JS9000W
SAMSUNG ELECTRONICS,UA55JU6400W
LG,43UF770T-TA
HISENSE,32D50
SAMSUNG ELECTRONICS,UA55JU7500W
LG,55EG960T-TA
LG,32LX530H-TA
SAMSUNG ELECTRONICS,UA50J5500AW
SAMSUNG ELECTRONICS,UA55JU7000W
HISENSE,50K220PW
KOGAN,KALED50XXXZB
Dick Smith,GE6980
Dick Smith,GE6983
LG,79UF770T-TA
Teco,LED32EHRDTEBF
Dick Smith,GE6981
Teco,LED22EFRDTBBF
PHILIPS,28HFL5010T/12
PHILIPS,28HFL3010T/12
TCL,U85H9510FDS
HITACHI,VZ435100
SAMSUNG ELECTRONICS,UA65JU6400W
HITACHI,VZ436100
JVC,LT-42N530P
Dick Smith,GE6985
RV Media,042701
Panasonic,TH-55CX740A
Panasonic,TH-55CX700A
Panasonic,TH-65CX740A
Panasonic,TH-65CX700A
Panasonic,TH-65CX640A
Panasonic,TH-55CX640A
TCL,L32E3800S
TCL,L32S4700S
TEAC,LEV32A1HD
TEAC,LEV32GD3HD
TCL,L50D2710F
TCL,L50D2700F
RV Media,042419
TCL,L32*2**0
Tandy,GE6925
LG,49UF680T-TA
LG,79UF770T-TB
Loewe,Connect 40 54445x50
LG,55UF680T-TA
Teco,LED32EHRTEBF
Tandy,GE6924
SAMSUNG ELECTRONICS,HG40AD590BW
SAMSUNG ELECTRONICS,HG65AD890UK
LG,65UF770V-TA
RV Media,042702
LG,65LX341C-TA
SAMSUNG ELECTRONICS,UA48J6200AW
LG,60LF630V-TA
SAMSUNG ELECTRONICS,HG32AD590HW
TCL,L40E3800FS
TCL,L40S4700FS
PHILIPS,24HFL3010W/12
Teco,LED19EHRDTBBF
PHILIPS,48HFL5010T/12
LG,65UF680T-TA
KOGAN,KALED32DVDZD
LG,49LX310C-TA
KOGAN,KALED55UHDZD
Palsonic,TFTV4255M
Panasonic,TH-55CX800A
Changhong,LED19D2200DV
Pendo,PNDLFHU48
Palsonic,TFTV5855FL
KOGAN,KALED40XXXZC
TCL,U55H9600CDS
Loewe,Art 55 UHD 54459x80
LG,60UF770T-TD
LG,49UF690T-TC
BAUHN,ATVU42-515
Pendo,PNDLFHTU23
VEON,V55FHD1
Loewe,Connect 55 54443x50
TCL,L55B**00F
Loewe,Art 40 54457x80
SAMSUNG ELECTRONICS,HG40AD690DW
SAMSUNG ELECTRONICS,HG48AD690DW
HISENSE,32D36
Sony,KD-75X9400C
Panasonic,TH-65CX800A
TCL,U55E5800FS
SAMSUNG ELECTRONICS,HG55AD890UK
SAMSUNG ELECTRONICS,UA55JU6000W
TCL,L20D2710
TCL,L20D2700
PHILIPS,40HFL5010T/12
Changhong,LED49D2300I
Pendo,PNDLFHDU21BLU
Pendo,PNDLFHDU21PNK
TCL,U65H8800CDS
Changhong,LED32D2200
